wild_pt,Partners,mutant_pt,,Mutation,ddG
1ak4_1_wt_graph.pt,A_D,1ak4_1_graph.pt,,D:L483TD:V486PD:H487AD:A488MD:I491LD:A492PD:M496I,0.57
1ak4_2_wt_graph.pt,A_D,1ak4_2_graph.pt,,D:A488G,2.49
1ak4_3_wt_graph.pt,A_D,1ak4_3_graph.pt,,D:A488V,0.6
1ak4_4_wt_graph.pt,A_D,1ak4_4_graph.pt,,D:A492G,0.41
1ak4_5_wt_graph.pt,A_D,1ak4_5_graph.pt,,D:A492V,0.19
1ak4_6_wt_graph.pt,A_D,1ak4_6_graph.pt,,D:G489A,1.91
1ak4_7_wt_graph.pt,A_D,1ak4_7_graph.pt,,D:G489V,2.86
1ak4_8_wt_graph.pt,A_D,1ak4_8_graph.pt,,D:H487A,0.84
1ak4_9_wt_graph.pt,A_D,1ak4_9_graph.pt,,D:H487Q,0.8
1ak4_10_wt_graph.pt,A_D,1ak4_10_graph.pt,,D:H487R,1.48
1ak4_11_wt_graph.pt,A_D,1ak4_11_graph.pt,,D:I491A,0.07
1ak4_12_wt_graph.pt,A_D,1ak4_12_graph.pt,,D:I491V,-0.17
1ak4_13_wt_graph.pt,A_D,1ak4_13_graph.pt,,D:P485A,0.92
1ak4_14_wt_graph.pt,A_D,1ak4_14_graph.pt,,D:P490A,2
1ak4_15_wt_graph.pt,A_D,1ak4_15_graph.pt,,D:P490V,2.86
1ak4_16_wt_graph.pt,A_D,1ak4_16_graph.pt,,D:P493A,0.51
1ak4_17_wt_graph.pt,A_D,1ak4_17_graph.pt,,D:V486A,0.82
1bj1_1_wt_graph.pt,VW_HL,1bj1_1_graph.pt,,V:F17A,0
1bj1_2_wt_graph.pt,VW_HL,1bj1_2_graph.pt,,V:Y21A,0
1bj1_3_wt_graph.pt,VW_HL,1bj1_3_graph.pt,,W:E93A,0.82
1bj1_4_wt_graph.pt,VW_HL,1bj1_4_graph.pt,,W:G88A,2.76
1bj1_5_wt_graph.pt,VW_HL,1bj1_5_graph.pt,,W:G92A,3.69
1bj1_6_wt_graph.pt,VW_HL,1bj1_6_graph.pt,,W:H86A,0
1bj1_7_wt_graph.pt,VW_HL,1bj1_7_graph.pt,,W:H90A,0
1bj1_8_wt_graph.pt,VW_HL,1bj1_8_graph.pt,,W:I80A,0.82
1bj1_9_wt_graph.pt,VW_HL,1bj1_9_graph.pt,,W:I83A,3.69
1bj1_10_wt_graph.pt,VW_HL,1bj1_10_graph.pt,,W:I91A,0.41
1bj1_11_wt_graph.pt,VW_HL,1bj1_11_graph.pt,,W:K48A,0.41
1bj1_12_wt_graph.pt,VW_HL,1bj1_12_graph.pt,,W:K84A,0.65
1bj1_13_wt_graph.pt,VW_HL,1bj1_13_graph.pt,,W:M81A,3.69
1bj1_14_wt_graph.pt,VW_HL,1bj1_14_graph.pt,,W:M94A,1.42
1bj1_15_wt_graph.pt,VW_HL,1bj1_15_graph.pt,,W:Q79A,0
1bj1_16_wt_graph.pt,VW_HL,1bj1_16_graph.pt,,W:Q87A,0
1bj1_17_wt_graph.pt,VW_HL,1bj1_17_graph.pt,,W:Q89A,1.75
1bj1_18_wt_graph.pt,VW_HL,1bj1_18_graph.pt,,W:R82A,3.69
1bj1_19_wt_graph.pt,VW_HL,1bj1_19_graph.pt,,W:Y45A,0.82
1cz8_1_wt_graph.pt,VW_HL,1cz8_1_graph.pt,,V:F17A,0
1cz8_2_wt_graph.pt,VW_HL,1cz8_2_graph.pt,,V:Y21A,0
1cz8_3_wt_graph.pt,VW_HL,1cz8_3_graph.pt,,W:E93A,1.15
1cz8_4_wt_graph.pt,VW_HL,1cz8_4_graph.pt,,W:G88A,2.67
1cz8_5_wt_graph.pt,VW_HL,1cz8_5_graph.pt,,W:G92A,4.1
1cz8_6_wt_graph.pt,VW_HL,1cz8_6_graph.pt,,W:H86A,0
1cz8_7_wt_graph.pt,VW_HL,1cz8_7_graph.pt,,W:H90A,0
1cz8_8_wt_graph.pt,VW_HL,1cz8_8_graph.pt,,W:I80A,0.95
1cz8_9_wt_graph.pt,VW_HL,1cz8_9_graph.pt,,W:I83A,1.3
1cz8_10_wt_graph.pt,VW_HL,1cz8_10_graph.pt,,W:I91A,1.06
1cz8_11_wt_graph.pt,VW_HL,1cz8_11_graph.pt,,W:K48A,0
1cz8_12_wt_graph.pt,VW_HL,1cz8_12_graph.pt,,W:K84A,1.36
1cz8_13_wt_graph.pt,VW_HL,1cz8_13_graph.pt,,W:M81A,4.1
1cz8_14_wt_graph.pt,VW_HL,1cz8_14_graph.pt,,W:M94A,1.91
1cz8_15_wt_graph.pt,VW_HL,1cz8_15_graph.pt,,W:Q79A,0.65
1cz8_16_wt_graph.pt,VW_HL,1cz8_16_graph.pt,,W:Q87A,0
1cz8_17_wt_graph.pt,VW_HL,1cz8_17_graph.pt,,W:Q89A,1.06
1cz8_18_wt_graph.pt,VW_HL,1cz8_18_graph.pt,,W:R82A,0.82
1cz8_19_wt_graph.pt,VW_HL,1cz8_19_graph.pt,,W:Y45A,1.94
1dqj_1_wt_graph.pt,C_HL,1dqj_1_graph.pt,,B:D32AC:K97A,2.5
1dqj_2_wt_graph.pt,C_HL,1dqj_2_graph.pt,,B:W98AC:K97A,6.6
1dqj_3_wt_graph.pt,C_HL,1dqj_3_graph.pt,,B:W98AC:S100A,5.3
1dqj_4_wt_graph.pt,C_HL,1dqj_4_graph.pt,,B:W98AC:Y20A,5.1
1dqj_5_wt_graph.pt,C_HL,1dqj_5_graph.pt,,B:Y53AC:D101A,2.7
1dqj_6_wt_graph.pt,C_HL,1dqj_6_graph.pt,,B:Y53AC:L75A,1.2
1dqj_7_wt_graph.pt,C_HL,1dqj_7_graph.pt,,B:Y53AC:W62A,1.3
1dqj_8_wt_graph.pt,C_HL,1dqj_8_graph.pt,,B:Y53AC:W63A,2.2
1dqj_9_wt_graph.pt,C_HL,1dqj_9_graph.pt,,A:N32AC:K96A,5.8
1dqj_10_wt_graph.pt,C_HL,1dqj_10_graph.pt,,A:S91AC:R21A,3.2
1dqj_11_wt_graph.pt,C_HL,1dqj_11_graph.pt,,A:S91AC:Y20A,3.6
1dqj_12_wt_graph.pt,C_HL,1dqj_12_graph.pt,,A:Y96AC:R21A,3.5
1dqj_13_wt_graph.pt,C_HL,1dqj_13_graph.pt,,A:Y96AC:S100A,0.9
1dqj_14_wt_graph.pt,C_HL,1dqj_14_graph.pt,,C:D101A,1.3
1dqj_15_wt_graph.pt,C_HL,1dqj_15_graph.pt,,C:K96A,6.1
1dqj_16_wt_graph.pt,C_HL,1dqj_16_graph.pt,,C:K97A,3.5
1dqj_17_wt_graph.pt,C_HL,1dqj_17_graph.pt,,C:L75A,1.5
1dqj_18_wt_graph.pt,C_HL,1dqj_18_graph.pt,,C:N93A,0.6
1dqj_19_wt_graph.pt,C_HL,1dqj_19_graph.pt,,C:R21A,1.3
1dqj_20_wt_graph.pt,C_HL,1dqj_20_graph.pt,,C:S100A,0.8
1dqj_21_wt_graph.pt,C_HL,1dqj_21_graph.pt,,C:T89A,0.8
1dqj_22_wt_graph.pt,C_HL,1dqj_22_graph.pt,,C:W62A,0.8
1dqj_23_wt_graph.pt,C_HL,1dqj_23_graph.pt,,C:W63A,1.3
1dqj_24_wt_graph.pt,C_HL,1dqj_24_graph.pt,,C:Y20A,3.3
1dqj_25_wt_graph.pt,C_HL,1dqj_25_graph.pt,,B:D32A,2
1dqj_26_wt_graph.pt,C_HL,1dqj_26_graph.pt,,B:W98A,4.9
1dqj_27_wt_graph.pt,C_HL,1dqj_27_graph.pt,,B:Y33A,5.5
1dqj_28_wt_graph.pt,C_HL,1dqj_28_graph.pt,,B:Y50A,6.9
1dqj_29_wt_graph.pt,C_HL,1dqj_29_graph.pt,,B:Y53A,1.2
1dqj_30_wt_graph.pt,C_HL,1dqj_30_graph.pt,,A:N31A,2
1dqj_31_wt_graph.pt,C_HL,1dqj_31_graph.pt,,A:N32A,4.1
1dqj_32_wt_graph.pt,C_HL,1dqj_32_graph.pt,,A:S91A,1.4
1dqj_33_wt_graph.pt,C_HL,1dqj_33_graph.pt,,A:Y50A,2.7
1dqj_34_wt_graph.pt,C_HL,1dqj_34_graph.pt,,A:Y96A,1.1
1dvf_1_wt_graph.pt,AB_CD,1dvf_1_graph.pt,,A:Y32AD:R106A,4.7
1dvf_2_wt_graph.pt,AB_CD,1dvf_2_graph.pt,,A:Y49AD:H33A,2.65
1dvf_3_wt_graph.pt,AB_CD,1dvf_3_graph.pt,,A:Y49AD:N55A,2.05
1dvf_4_wt_graph.pt,AB_CD,1dvf_4_graph.pt,,B:D100AD:D52A,4.36
1dvf_5_wt_graph.pt,AB_CD,1dvf_5_graph.pt,,B:D100AD:H33A,4.19
1dvf_6_wt_graph.pt,AB_CD,1dvf_6_graph.pt,,B:D100AD:N55A,4.13
1dvf_7_wt_graph.pt,AB_CD,1dvf_7_graph.pt,,B:D54AC:Y49A,4.54
1dvf_8_wt_graph.pt,AB_CD,1dvf_8_graph.pt,,B:D58AD:Q104A,1.48
1dvf_9_wt_graph.pt,AB_CD,1dvf_9_graph.pt,,B:E98AD:Y102A,4.68
1dvf_10_wt_graph.pt,AB_CD,1dvf_10_graph.pt,,B:N56AD:H33A,2.55
1dvf_11_wt_graph.pt,AB_CD,1dvf_11_graph.pt,,B:N56AD:N55A,2.32
1dvf_12_wt_graph.pt,AB_CD,1dvf_12_graph.pt,,B:N56AD:Q104A,1.5
1dvf_13_wt_graph.pt,AB_CD,1dvf_13_graph.pt,,B:W52AD:Q104A,4.2
1dvf_14_wt_graph.pt,AB_CD,1dvf_14_graph.pt,,A:H30A,1.67
1dvf_15_wt_graph.pt,AB_CD,1dvf_15_graph.pt,,A:S93A,1.17
1dvf_16_wt_graph.pt,AB_CD,1dvf_16_graph.pt,,A:W92A,0.34
1dvf_17_wt_graph.pt,AB_CD,1dvf_17_graph.pt,,A:Y32A,2.05
1dvf_18_wt_graph.pt,AB_CD,1dvf_18_graph.pt,,A:Y49A,1.64
1dvf_19_wt_graph.pt,AB_CD,1dvf_19_graph.pt,,A:Y49A,1.75
1dvf_20_wt_graph.pt,AB_CD,1dvf_20_graph.pt,,A:Y50A,0.69
1dvf_21_wt_graph.pt,AB_CD,1dvf_21_graph.pt,,B:D100A,2.82
1dvf_22_wt_graph.pt,AB_CD,1dvf_22_graph.pt,,B:D54A,4.32
1dvf_23_wt_graph.pt,AB_CD,1dvf_23_graph.pt,,B:D58A,1.62
1dvf_24_wt_graph.pt,AB_CD,1dvf_24_graph.pt,,B:E98A,4.23
1dvf_25_wt_graph.pt,AB_CD,1dvf_25_graph.pt,,B:N56A,1.17
1dvf_26_wt_graph.pt,AB_CD,1dvf_26_graph.pt,,B:R99A,1.89
1dvf_27_wt_graph.pt,AB_CD,1dvf_27_graph.pt,,B:T30A,0.92
1dvf_28_wt_graph.pt,AB_CD,1dvf_28_graph.pt,,B:W52A,4.17
1dvf_29_wt_graph.pt,AB_CD,1dvf_29_graph.pt,,B:Y101F,2.03
1dvf_30_wt_graph.pt,AB_CD,1dvf_30_graph.pt,,B:Y32A,1.85
1dvf_31_wt_graph.pt,AB_CD,1dvf_31_graph.pt,,C:Y49A,1.88
1dvf_32_wt_graph.pt,AB_CD,1dvf_32_graph.pt,,D:D52A,1.7
1dvf_33_wt_graph.pt,AB_CD,1dvf_33_graph.pt,,D:H33A,1.88
1dvf_34_wt_graph.pt,AB_CD,1dvf_34_graph.pt,,D:I97A,2.71
1dvf_35_wt_graph.pt,AB_CD,1dvf_35_graph.pt,,D:K30A,1.01
1dvf_36_wt_graph.pt,AB_CD,1dvf_36_graph.pt,,D:N54A,1.88
1dvf_37_wt_graph.pt,AB_CD,1dvf_37_graph.pt,,D:Q100A,1.64
1dvf_38_wt_graph.pt,AB_CD,1dvf_38_graph.pt,,D:R100BA,4.13
1dvf_39_wt_graph.pt,AB_CD,1dvf_39_graph.pt,,D:Y98A,4.79
1ffw_1_wt_graph.pt,A_B,1ffw_1_graph.pt,,A:A90V,0.09
1ffw_2_wt_graph.pt,A_B,1ffw_2_graph.pt,,A:D13K,0.05
1ffw_3_wt_graph.pt,A_B,1ffw_3_graph.pt,,A:E117K,0.71
1ffw_4_wt_graph.pt,A_B,1ffw_4_graph.pt,,A:E93K,0.82
1ffw_5_wt_graph.pt,A_B,1ffw_5_graph.pt,,A:F111V,1.26
1ffw_6_wt_graph.pt,A_B,1ffw_6_graph.pt,,A:T112I,0.56
1ffw_7_wt_graph.pt,A_B,1ffw_7_graph.pt,,A:T87I,-0.32
1ffw_8_wt_graph.pt,A_B,1ffw_8_graph.pt,,A:V108M,1.13
1ffw_9_wt_graph.pt,A_B,1ffw_9_graph.pt,,A:Y106W,0.71
,,,,I:A103LI:V104MI:R106LI:D107K,
1jrh_1_wt_graph.pt,I_HL,1jrh_1_graph.pt,,I:A59SI:I61TI:H65D,0.06
1jrh_2_wt_graph.pt,I_HL,1jrh_2_graph.pt,,I:A95DI:K98RI:E100K,-0.06
1jrh_3_wt_graph.pt,I_HL,1jrh_3_graph.pt,,I:I35NI:P37SI:V39TI:V41I,0.15
1jrh_4_wt_graph.pt,I_HL,1jrh_4_graph.pt,,I:M25LI:I28V,-0.21
1jrh_5_wt_graph.pt,I_HL,1jrh_5_graph.pt,,I:S71YI:D72EI:H73QI:V74II:G75MI:D76YI:S78DI:N79VI:L81A,2.73
1jrh_6_wt_graph.pt,I_HL,1jrh_6_graph.pt,,I:T19LI:E21K,-0.02
1jrh_7_wt_graph.pt,I_HL,1jrh_7_graph.pt,,I:V83AI:R88K,-0.21
1jrh_8_wt_graph.pt,I_HL,1jrh_8_graph.pt,,I:E45Q,0.11
1jrh_9_wt_graph.pt,I_HL,1jrh_9_graph.pt,,I:T14V,-0.02
1jtg_1_wt_graph.pt,A_B,1jtg_1_graph.pt,,A:K234AA:S130A,0.84
1jtg_2_wt_graph.pt,A_B,1jtg_2_graph.pt,,A:K234AA:S130AA:R243A,1.13
1jtg_3_wt_graph.pt,A_B,1jtg_3_graph.pt,,A:K234AA:S235AA:S130AA:R243A,1.54
1jtg_4_wt_graph.pt,A_B,1jtg_4_graph.pt,,A:R243AA:K234A,1.35
1jtg_5_wt_graph.pt,A_B,1jtg_5_graph.pt,,A:R243AA:S130A,1.01
1jtg_6_wt_graph.pt,A_B,1jtg_6_graph.pt,,A:R243AA:S235A,0.06
1jtg_7_wt_graph.pt,A_B,1jtg_7_graph.pt,,A:R243AA:S235AA:K234A,1.34
1jtg_8_wt_graph.pt,A_B,1jtg_8_graph.pt,,A:R243AA:S235AA:S130A,0.79
1jtg_9_wt_graph.pt,A_B,1jtg_9_graph.pt,,A:S235AA:K234A,1.13
1jtg_10_wt_graph.pt,A_B,1jtg_10_graph.pt,,A:S235AA:S130A,0.81
1jtg_11_wt_graph.pt,A_B,1jtg_11_graph.pt,,A:S235AA:S130AA:K234A,1.17
1jtg_12_wt_graph.pt,A_B,1jtg_12_graph.pt,,B:D49AA:K234A,1.74
1jtg_13_wt_graph.pt,A_B,1jtg_13_graph.pt,,B:D49AA:K234AA:S130A,1.03
1jtg_14_wt_graph.pt,A_B,1jtg_14_graph.pt,,B:D49AA:K234AA:S130AA:R243A,1.43
1jtg_15_wt_graph.pt,A_B,1jtg_15_graph.pt,,B:D49AA:K234AA:S235AA:S130AA:R243A,1.56
1jtg_16_wt_graph.pt,A_B,1jtg_16_graph.pt,,B:D49AA:R243A,1.18
1jtg_17_wt_graph.pt,A_B,1jtg_17_graph.pt,,B:D49AA:R243AA:K234A,1.72
1jtg_18_wt_graph.pt,A_B,1jtg_18_graph.pt,,B:D49AA:R243AA:S130A,1.24
1jtg_19_wt_graph.pt,A_B,1jtg_19_graph.pt,,B:D49AA:R243AA:S235A,0.49
1jtg_20_wt_graph.pt,A_B,1jtg_20_graph.pt,,B:D49AA:R243AA:S235AA:K234A,1.69
1jtg_21_wt_graph.pt,A_B,1jtg_21_graph.pt,,B:D49AA:R243AA:S235AA:S130A,0.78
1jtg_22_wt_graph.pt,A_B,1jtg_22_graph.pt,,B:D49AA:S130A,1.57
1jtg_23_wt_graph.pt,A_B,1jtg_23_graph.pt,,B:D49AA:S235A,1.84
1jtg_24_wt_graph.pt,A_B,1jtg_24_graph.pt,,B:D49AA:S235AA:K234A,1.44
1jtg_25_wt_graph.pt,A_B,1jtg_25_graph.pt,,B:D49AA:S235AA:S130A,1.29
1jtg_26_wt_graph.pt,A_B,1jtg_26_graph.pt,,B:D49AA:S235AA:S130AA:K234A,0.81
1jtg_27_wt_graph.pt,A_B,1jtg_27_graph.pt,,A:K234A,0.82
1jtg_28_wt_graph.pt,A_B,1jtg_28_graph.pt,,A:R243A,0.56
1jtg_29_wt_graph.pt,A_B,1jtg_29_graph.pt,,A:S130A,0.5
1jtg_30_wt_graph.pt,A_B,1jtg_30_graph.pt,,A:S235A,1.32
1jtg_31_wt_graph.pt,A_B,1jtg_31_graph.pt,,B:D49A,1.98
1ktz_1_wt_graph.pt,A_B,1ktz_1_graph.pt,,B:D118A,0.9
1ktz_2_wt_graph.pt,A_B,1ktz_2_graph.pt,,B:D32A,1.4
1ktz_3_wt_graph.pt,A_B,1ktz_3_graph.pt,,B:D32N,1.7
1ktz_4_wt_graph.pt,A_B,1ktz_4_graph.pt,,B:E119A,1.4
1ktz_5_wt_graph.pt,A_B,1ktz_5_graph.pt,,B:E119Q,1.7
1ktz_6_wt_graph.pt,A_B,1ktz_6_graph.pt,,B:E55A,1.3
1ktz_7_wt_graph.pt,A_B,1ktz_7_graph.pt,,B:E75A,1
1ktz_8_wt_graph.pt,A_B,1ktz_8_graph.pt,,B:F110A,0.9
1ktz_9_wt_graph.pt,A_B,1ktz_9_graph.pt,,B:F30A,2.9
1ktz_10_wt_graph.pt,A_B,1ktz_10_graph.pt,,B:H79A,0.4
1ktz_11_wt_graph.pt,A_B,1ktz_11_graph.pt,,B:I125A,0.5
1ktz_12_wt_graph.pt,A_B,1ktz_12_graph.pt,,B:I50A,1.9
1ktz_13_wt_graph.pt,A_B,1ktz_13_graph.pt,,B:I53A,1.2
1ktz_14_wt_graph.pt,A_B,1ktz_14_graph.pt,,B:L27A,1.9
1ktz_15_wt_graph.pt,A_B,1ktz_15_graph.pt,,B:M112A,0.8
1ktz_16_wt_graph.pt,A_B,1ktz_16_graph.pt,,B:N47A,0.3
1ktz_17_wt_graph.pt,A_B,1ktz_17_graph.pt,,B:S49A,0.5
1ktz_18_wt_graph.pt,A_B,1ktz_18_graph.pt,,B:S52A,0.4
1ktz_19_wt_graph.pt,A_B,1ktz_19_graph.pt,,B:S52L,3.7
1ktz_20_wt_graph.pt,A_B,1ktz_20_graph.pt,,B:T51A,1.3
1ktz_21_wt_graph.pt,A_B,1ktz_21_graph.pt,,B:V62A,0.7
1ktz_22_wt_graph.pt,A_B,1ktz_22_graph.pt,,B:V77A,0.5
1mhp_1_wt_graph.pt,A_HL,1mhp_1_graph.pt,,H:K64EL:S28Q,-0.85
1mhp_2_wt_graph.pt,A_HL,1mhp_2_graph.pt,,H:K64EL:S28QL:N52Y,-0.95
1mhp_3_wt_graph.pt,A_HL,1mhp_3_graph.pt,,H:L60DH:K64E,-0.14
1mhp_4_wt_graph.pt,A_HL,1mhp_4_graph.pt,,H:L60DH:K64Q,0.04
1mhp_5_wt_graph.pt,A_HL,1mhp_5_graph.pt,,H:S35AH:G102S,1.58
1mhp_6_wt_graph.pt,A_HL,1mhp_6_graph.pt,,H:S35AH:T50VH:G102S,8
1mhp_7_wt_graph.pt,A_HL,1mhp_7_graph.pt,,H:S35VH:G102S,1.43
1mhp_8_wt_graph.pt,A_HL,1mhp_8_graph.pt,,H:S35VH:T50VH:G102S,8
1mhp_9_wt_graph.pt,A_HL,1mhp_9_graph.pt,,H:T33EH:G53Q,1.67
1mhp_10_wt_graph.pt,A_HL,1mhp_10_graph.pt,,H:T33IH:S52TH:G53NH:G54N,1.91
1mhp_11_wt_graph.pt,A_HL,1mhp_11_graph.pt,,H:T33IH:S52TH:G53QH:G54F,1.26
1mhp_12_wt_graph.pt,A_HL,1mhp_12_graph.pt,,H:T33QH:G54W,8
1mhp_13_wt_graph.pt,A_HL,1mhp_13_graph.pt,,H:T33SH:G53W,8
1mhp_14_wt_graph.pt,A_HL,1mhp_14_graph.pt,,H:T50VH:G102S,1.67
1mhp_15_wt_graph.pt,A_HL,1mhp_15_graph.pt,,H:T50VH:K64E,-0.36
1mhp_16_wt_graph.pt,A_HL,1mhp_16_graph.pt,,H:T50VH:K64EL:S28QL:N52E,-1.24
1mhp_17_wt_graph.pt,A_HL,1mhp_17_graph.pt,,H:T50VH:K64EL:S28QL:N52Y,-1.04
1mhp_18_wt_graph.pt,A_HL,1mhp_18_graph.pt,,H:T50VH:S35A,2.08
1mhp_19_wt_graph.pt,A_HL,1mhp_19_graph.pt,,H:T50VH:S35V,2.73
1mhp_20_wt_graph.pt,A_HL,1mhp_20_graph.pt,,H:T50VL:S28Q,-0.69
1mhp_21_wt_graph.pt,A_HL,1mhp_21_graph.pt,,H:T50VL:S28QL:N52Y,-1.2
1mhp_22_wt_graph.pt,A_HL,1mhp_22_graph.pt,,H:Y58EH:H56N,8
1mhp_23_wt_graph.pt,A_HL,1mhp_23_graph.pt,,H:Y58QH:H56N,8
1mhp_24_wt_graph.pt,A_HL,1mhp_24_graph.pt,,L:N30YL:S91I,0.43
1mhp_25_wt_graph.pt,A_HL,1mhp_25_graph.pt,,L:W90QL:F33Y,0.87
1mhp_26_wt_graph.pt,A_HL,1mhp_26_graph.pt,,H:F99W,0
1mhp_27_wt_graph.pt,A_HL,1mhp_27_graph.pt,,H:F99Y,0.76
1mhp_28_wt_graph.pt,A_HL,1mhp_28_graph.pt,,H:G100F,0.57
1mhp_29_wt_graph.pt,A_HL,1mhp_29_graph.pt,,H:G100I,8
1mhp_30_wt_graph.pt,A_HL,1mhp_30_graph.pt,,H:G100L,2.73
1mhp_31_wt_graph.pt,A_HL,1mhp_31_graph.pt,,H:G100M,0.1
1mhp_32_wt_graph.pt,A_HL,1mhp_32_graph.pt,,H:G100S,0.56
1mhp_33_wt_graph.pt,A_HL,1mhp_33_graph.pt,,H:G100V,8
1mhp_34_wt_graph.pt,A_HL,1mhp_34_graph.pt,,H:G102S,8
1mhp_35_wt_graph.pt,A_HL,1mhp_35_graph.pt,,H:G53A,0.51
1mhp_36_wt_graph.pt,A_HL,1mhp_36_graph.pt,,H:G53N,1.26
1mhp_37_wt_graph.pt,A_HL,1mhp_37_graph.pt,,H:G53Q,8
1mhp_38_wt_graph.pt,A_HL,1mhp_38_graph.pt,,H:G53S,0.68
1mhp_39_wt_graph.pt,A_HL,1mhp_39_graph.pt,,H:G53W,8
1mhp_40_wt_graph.pt,A_HL,1mhp_40_graph.pt,,H:G54I,1.36
1mhp_41_wt_graph.pt,A_HL,1mhp_41_graph.pt,,H:G54M,8
1mhp_42_wt_graph.pt,A_HL,1mhp_42_graph.pt,,H:G54N,8
1mhp_43_wt_graph.pt,A_HL,1mhp_43_graph.pt,,H:G54T,1.17
1mhp_44_wt_graph.pt,A_HL,1mhp_44_graph.pt,,H:G54Y,0
1mhp_45_wt_graph.pt,A_HL,1mhp_45_graph.pt,,H:H56Y,8
1mhp_46_wt_graph.pt,A_HL,1mhp_46_graph.pt,,H:K64D,-0.12
1mhp_47_wt_graph.pt,A_HL,1mhp_47_graph.pt,,H:K64E,-0.16
1mhp_48_wt_graph.pt,A_HL,1mhp_48_graph.pt,,H:K64N,-0.07
1mhp_49_wt_graph.pt,A_HL,1mhp_49_graph.pt,,H:K64Q,-0.16
1mhp_50_wt_graph.pt,A_HL,1mhp_50_graph.pt,,H:L60D,-0.12
1mhp_51_wt_graph.pt,A_HL,1mhp_51_graph.pt,,H:R31Q,1.31
1mhp_52_wt_graph.pt,A_HL,1mhp_52_graph.pt,,H:S35A,1.58
1mhp_53_wt_graph.pt,A_HL,1mhp_53_graph.pt,,H:S35Q,2.73
1mhp_54_wt_graph.pt,A_HL,1mhp_54_graph.pt,,H:S35V,8
1mhp_55_wt_graph.pt,A_HL,1mhp_55_graph.pt,,H:S52M,2.08
1mhp_56_wt_graph.pt,A_HL,1mhp_56_graph.pt,,H:S52T,8
1mhp_57_wt_graph.pt,A_HL,1mhp_57_graph.pt,,H:T33N,2.73
1mhp_58_wt_graph.pt,A_HL,1mhp_58_graph.pt,,H:T33Q,8
1mhp_59_wt_graph.pt,A_HL,1mhp_59_graph.pt,,H:T33V,0.43
1mhp_60_wt_graph.pt,A_HL,1mhp_60_graph.pt,,H:T50E,8
1mhp_61_wt_graph.pt,A_HL,1mhp_61_graph.pt,,H:T50Q,8
1mhp_62_wt_graph.pt,A_HL,1mhp_62_graph.pt,,H:T50V,-0.26
1mhp_63_wt_graph.pt,A_HL,1mhp_63_graph.pt,,H:Y58E,2.08
1mhp_64_wt_graph.pt,A_HL,1mhp_64_graph.pt,,H:Y58Q,2.08
1mhp_65_wt_graph.pt,A_HL,1mhp_65_graph.pt,,H:Y58W,0.82
1mhp_66_wt_graph.pt,A_HL,1mhp_66_graph.pt,,H:Y59E,0.54
1mhp_67_wt_graph.pt,A_HL,1mhp_67_graph.pt,,L:G92Q,1.58
1mhp_68_wt_graph.pt,A_HL,1mhp_68_graph.pt,,L:G92S,0.51
1mhp_69_wt_graph.pt,A_HL,1mhp_69_graph.pt,,L:H31K,1.17
1mhp_70_wt_graph.pt,A_HL,1mhp_70_graph.pt,,L:H31R,1.12
1mhp_71_wt_graph.pt,A_HL,1mhp_71_graph.pt,,L:H31W,1.26
1mhp_72_wt_graph.pt,A_HL,1mhp_72_graph.pt,,L:L49F,0.71
1mhp_73_wt_graph.pt,A_HL,1mhp_73_graph.pt,,L:L49K,0.93
1mhp_74_wt_graph.pt,A_HL,1mhp_74_graph.pt,,L:L49W,1.91
1mhp_75_wt_graph.pt,A_HL,1mhp_75_graph.pt,,L:L49Y,8
1mhp_76_wt_graph.pt,A_HL,1mhp_76_graph.pt,,L:N30K,8
1mhp_77_wt_graph.pt,A_HL,1mhp_77_graph.pt,,L:N30V,1.05
1mhp_78_wt_graph.pt,A_HL,1mhp_78_graph.pt,,L:N30W,1.58
1mhp_79_wt_graph.pt,A_HL,1mhp_79_graph.pt,,L:N30Y,1.91
1mhp_80_wt_graph.pt,A_HL,1mhp_80_graph.pt,,L:N52D,0.5
1mhp_81_wt_graph.pt,A_HL,1mhp_81_graph.pt,,L:N52E,-0.18
1mhp_82_wt_graph.pt,A_HL,1mhp_82_graph.pt,,L:N52K,0.66
1mhp_83_wt_graph.pt,A_HL,1mhp_83_graph.pt,,L:N52R,0.85
1mhp_84_wt_graph.pt,A_HL,1mhp_84_graph.pt,,L:N52Y,-0.1
1mhp_85_wt_graph.pt,A_HL,1mhp_85_graph.pt,,L:N93D,8
1mhp_86_wt_graph.pt,A_HL,1mhp_86_graph.pt,,L:S24R,-0.07
1mhp_87_wt_graph.pt,A_HL,1mhp_87_graph.pt,,L:S28Q,-0.67
1mhp_88_wt_graph.pt,A_HL,1mhp_88_graph.pt,,L:S91K,8
1mhp_89_wt_graph.pt,A_HL,1mhp_89_graph.pt,,L:S91Q,1.78
1mhp_90_wt_graph.pt,A_HL,1mhp_90_graph.pt,,L:S91R,2.73
1mhp_91_wt_graph.pt,A_HL,1mhp_91_graph.pt,,L:S91T,2.32
1mhp_92_wt_graph.pt,A_HL,1mhp_92_graph.pt,,L:S91W,8
1mhp_93_wt_graph.pt,A_HL,1mhp_93_graph.pt,,L:W90Q,2.08
1mlc_1_wt_graph.pt,E_HL,1mlc_1_graph.pt,,B:S57VB:T58D,-0.99
1mlc_2_wt_graph.pt,E_HL,1mlc_2_graph.pt,,B:S57VB:T58DA:N32GA:N92A,-1.74
1mlc_3_wt_graph.pt,E_HL,1mlc_3_graph.pt,,B:S57VB:T58DA:N92A,-2.4
1mlc_4_wt_graph.pt,E_HL,1mlc_4_graph.pt,,B:T28DB:E35SB:S57VB:T58DB:G99DA:N92A,-2.95
1mlc_5_wt_graph.pt,E_HL,1mlc_5_graph.pt,,B:T28DB:E35SB:S57VB:T58DA:N92A,1.91
1mlc_6_wt_graph.pt,E_HL,1mlc_6_graph.pt,,B:T28DB:S30GB:S57VB:T58DA:N92A,-2.36
1mlc_7_wt_graph.pt,E_HL,1mlc_7_graph.pt,,B:T28DB:S57VB:T58DB:G99DA:N92A,-0.2
1mlc_8_wt_graph.pt,E_HL,1mlc_8_graph.pt,,B:T28DB:S57VB:T58DB:R98MB:D100QA:N92A,-0.41
1mlc_9_wt_graph.pt,E_HL,1mlc_9_graph.pt,,B:T28DB:S57VB:T58DB:Y59EA:N92A,-1.47
1mlc_10_wt_graph.pt,E_HL,1mlc_10_graph.pt,,B:T28DB:S57VB:T58DA:N32LA:N92A,-2.59
1mlc_11_wt_graph.pt,E_HL,1mlc_11_graph.pt,,B:T28DB:S57VB:T58DA:N92A,-2.74
1mlc_12_wt_graph.pt,E_HL,1mlc_12_graph.pt,,B:T28DB:S57VB:T58DA:S91NA:N92A,1.78
1mlc_13_wt_graph.pt,E_HL,1mlc_13_graph.pt,,B:T28DB:S57VB:T58DA:S91NA:N92AA:S93A,-1.61
1mlc_14_wt_graph.pt,E_HL,1mlc_14_graph.pt,,B:T28DB:Y32RB:S57VB:T58DB:R98SA:N92A,1.78
1mlc_15_wt_graph.pt,E_HL,1mlc_15_graph.pt,,B:T28DB:Y32WB:S57VB:T58DB:R98VB:D100QA:N92A,0.41
1mlc_16_wt_graph.pt,E_HL,1mlc_16_graph.pt,,A:N32GA:N92A,-0.69
1mlc_17_wt_graph.pt,E_HL,1mlc_17_graph.pt,,B:K65D,0.02
1mlc_18_wt_graph.pt,E_HL,1mlc_18_graph.pt,,B:S57A,-0.38
1mlc_19_wt_graph.pt,E_HL,1mlc_19_graph.pt,,B:S57V,-0.49
1mlc_20_wt_graph.pt,E_HL,1mlc_20_graph.pt,,B:T28D,-0.15
1mlc_21_wt_graph.pt,E_HL,1mlc_21_graph.pt,,B:T31A,0.45
1mlc_22_wt_graph.pt,E_HL,1mlc_22_graph.pt,,B:T31V,0.53
1mlc_23_wt_graph.pt,E_HL,1mlc_23_graph.pt,,B:T31W,0.13
1mlc_24_wt_graph.pt,E_HL,1mlc_24_graph.pt,,B:T58D,-0.56
1mlc_25_wt_graph.pt,E_HL,1mlc_25_graph.pt,,A:N32G,-0.85
1mlc_26_wt_graph.pt,E_HL,1mlc_26_graph.pt,,A:N32Y,0
1mlc_27_wt_graph.pt,E_HL,1mlc_27_graph.pt,,A:N92A,-1.25
1n8z_1_wt_graph.pt,C_HL,1n8z_1_graph.pt,,B:W95AB:Y100AA,8
1n8z_2_wt_graph.pt,C_HL,1n8z_2_graph.pt,,A:H91AB:Y100AA,8
1n8z_3_wt_graph.pt,C_HL,1n8z_3_graph.pt,,A:N30SA:H91FA:Y92W,-0.07
1n8z_4_wt_graph.pt,C_HL,1n8z_4_graph.pt,,A:N30SA:H91FA:Y92WA:T94SB:D98WB:Y100AFB:Y102V,0.05
1n8z_5_wt_graph.pt,C_HL,1n8z_5_graph.pt,,B:D31A,0.25
1n8z_6_wt_graph.pt,C_HL,1n8z_6_graph.pt,,B:D102A,1.21
1n8z_7_wt_graph.pt,C_HL,1n8z_7_graph.pt,,B:D102W,-0.69
1n8z_8_wt_graph.pt,C_HL,1n8z_8_graph.pt,,B:F104A,1.17
1n8z_9_wt_graph.pt,C_HL,1n8z_9_graph.pt,,B:K30A,0.61
1n8z_10_wt_graph.pt,C_HL,1n8z_10_graph.pt,,B:N55A,-0.15
1n8z_11_wt_graph.pt,C_HL,1n8z_11_graph.pt,,B:R50A,8
1n8z_12_wt_graph.pt,C_HL,1n8z_12_graph.pt,,B:T32A,0.38
1n8z_13_wt_graph.pt,C_HL,1n8z_13_graph.pt,,B:T54A,0.78
1n8z_14_wt_graph.pt,C_HL,1n8z_14_graph.pt,,B:W99A,8
1n8z_15_wt_graph.pt,C_HL,1n8z_15_graph.pt,,B:Y105A,8
1n8z_16_wt_graph.pt,C_HL,1n8z_16_graph.pt,,B:Y105F,-0.05
1n8z_17_wt_graph.pt,C_HL,1n8z_17_graph.pt,,B:Y105F,0.82
1n8z_18_wt_graph.pt,C_HL,1n8z_18_graph.pt,,B:Y109V,0.22
1n8z_19_wt_graph.pt,C_HL,1n8z_19_graph.pt,,B:Y33A,-0.09
1n8z_20_wt_graph.pt,C_HL,1n8z_20_graph.pt,,B:Y52A,0.23
1n8z_21_wt_graph.pt,C_HL,1n8z_21_graph.pt,,B:Y57A,0.87
1n8z_22_wt_graph.pt,C_HL,1n8z_22_graph.pt,,A:D28N,-0.28
1n8z_23_wt_graph.pt,C_HL,1n8z_23_graph.pt,,A:F53N,1.21
1n8z_24_wt_graph.pt,C_HL,1n8z_24_graph.pt,,A:H91A,8
1n8z_25_wt_graph.pt,C_HL,1n8z_25_graph.pt,,A:H91F,-0.43
1n8z_26_wt_graph.pt,C_HL,1n8z_26_graph.pt,,A:H91F,0.03
1n8z_27_wt_graph.pt,C_HL,1n8z_27_graph.pt,,A:N30A,1.12
1n8z_28_wt_graph.pt,C_HL,1n8z_28_graph.pt,,A:N30S,0.06
1n8z_29_wt_graph.pt,C_HL,1n8z_29_graph.pt,,A:R66G,0.22
1n8z_30_wt_graph.pt,C_HL,1n8z_30_graph.pt,,A:S50A,-0.07
1n8z_31_wt_graph.pt,C_HL,1n8z_31_graph.pt,,A:S52A,-0.31
1n8z_32_wt_graph.pt,C_HL,1n8z_32_graph.pt,,A:T31A,0.8
1n8z_33_wt_graph.pt,C_HL,1n8z_33_graph.pt,,A:T93A,0.82
1n8z_34_wt_graph.pt,C_HL,1n8z_34_graph.pt,,A:T94A,-0.12
1n8z_35_wt_graph.pt,C_HL,1n8z_35_graph.pt,,A:T94S,0.31
1n8z_36_wt_graph.pt,C_HL,1n8z_36_graph.pt,,A:Y49A,1.05
1n8z_37_wt_graph.pt,C_HL,1n8z_37_graph.pt,,A:Y92A,1.36
1n8z_38_wt_graph.pt,C_HL,1n8z_38_graph.pt,,A:Y92F,-0.21
1t83_1_wt_graph.pt,AB_C,1t83_1_graph.pt,,A:A327DB:A327D,2.32
1t83_2_wt_graph.pt,AB_C,1t83_2_graph.pt,,A:A327LB:A327L,1.78
1t83_3_wt_graph.pt,AB_C,1t83_3_graph.pt,,A:A327NB:A327N,0.98
1t83_4_wt_graph.pt,AB_C,1t83_4_graph.pt,,A:A327SB:A327S,0.87
1t83_5_wt_graph.pt,AB_C,1t83_5_graph.pt,,A:A327TB:A327T,2.32
1t83_6_wt_graph.pt,AB_C,1t83_6_graph.pt,,A:A330FB:A330F,0.3
1t83_7_wt_graph.pt,AB_C,1t83_7_graph.pt,,A:A330HB:A330H,0.39
1t83_8_wt_graph.pt,AB_C,1t83_8_graph.pt,,A:A330IB:A330I,-0.32
1t83_9_wt_graph.pt,AB_C,1t83_9_graph.pt,,A:A330LB:A330L,0.19
1t83_10_wt_graph.pt,AB_C,1t83_10_graph.pt,,A:A330LB:A330LA:I332EB:I332E,-1.39
1t83_11_wt_graph.pt,AB_C,1t83_11_graph.pt,,A:A330RB:A330R,2.32
1t83_12_wt_graph.pt,AB_C,1t83_12_graph.pt,,A:A330VB:A330V,0.5
1t83_13_wt_graph.pt,AB_C,1t83_13_graph.pt,,A:A330YB:A330Y,-0.29
1t83_14_wt_graph.pt,AB_C,1t83_14_graph.pt,,A:A330YB:A330YA:I332EB:I332E,-1.48
1t83_15_wt_graph.pt,AB_C,1t83_15_graph.pt,,A:D265FB:D265FA:N297EB:N297EA:I332EB:I332E,2.32
1t83_16_wt_graph.pt,AB_C,1t83_16_graph.pt,,A:D265GB:D265G,2.32
1t83_17_wt_graph.pt,AB_C,1t83_17_graph.pt,,A:D265NB:D265N,2.32
1t83_18_wt_graph.pt,AB_C,1t83_18_graph.pt,,A:D265YB:D265YA:N297DB:N297DA:I332EB:I332E,2.32
1t83_19_wt_graph.pt,AB_C,1t83_19_graph.pt,,A:D265YB:D265YA:N297DB:N297DA:T299LB:T299LA:I332EB:I332E,2.32
1t83_20_wt_graph.pt,AB_C,1t83_20_graph.pt,,A:D270HB:D270H,2.32
1t83_21_wt_graph.pt,AB_C,1t83_21_graph.pt,,A:D270QB:D270Q,2.32
1t83_22_wt_graph.pt,AB_C,1t83_22_graph.pt,,A:D270TB:D270T,2.32
1t83_23_wt_graph.pt,AB_C,1t83_23_graph.pt,,A:E269FB:E269F,1.09
1t83_24_wt_graph.pt,AB_C,1t83_24_graph.pt,,A:E269HB:E269H,2.32
1t83_25_wt_graph.pt,AB_C,1t83_25_graph.pt,,A:E269LB:E269L,2.32
1t83_26_wt_graph.pt,AB_C,1t83_26_graph.pt,,A:E269NB:E269N,2.32
1t83_27_wt_graph.pt,AB_C,1t83_27_graph.pt,,A:E269RB:E269R,1.78
1t83_28_wt_graph.pt,AB_C,1t83_28_graph.pt,,A:E269TB:E269T,2.32
1t83_29_wt_graph.pt,AB_C,1t83_29_graph.pt,,A:E269YB:E269Y,1.26
1t83_30_wt_graph.pt,AB_C,1t83_30_graph.pt,,A:E272YB:E272Y,-1.28
1t83_31_wt_graph.pt,AB_C,1t83_31_graph.pt,,A:E283RB:E283R,0.24
1t83_32_wt_graph.pt,AB_C,1t83_32_graph.pt,,A:E318RB:E318R,-0.04
1t83_33_wt_graph.pt,AB_C,1t83_33_graph.pt,,A:E333HB:E333H,0.17
1t83_34_wt_graph.pt,AB_C,1t83_34_graph.pt,,A:E333TB:E333T,0.15
1t83_35_wt_graph.pt,AB_C,1t83_35_graph.pt,,A:F241EB:F241EA:F243QB:F243QA:V262TB:V262TA:V264EB:V264E,1.58
1t83_36_wt_graph.pt,AB_C,1t83_36_graph.pt,,A:F241EB:F241EA:F243RB:F243RA:V262EB:V262EA:V264RB:V264R,1.78
1t83_37_wt_graph.pt,AB_C,1t83_37_graph.pt,,A:F241EB:F241EA:F243RB:F243RA:V262EB:V262EA:V264RB:V264RA:I332EB:I332E,0.98
1t83_38_wt_graph.pt,AB_C,1t83_38_graph.pt,,A:F241EB:F241EA:F243YB:F243YA:V262TB:V262TA:V264RB:V264R,1.78
1t83_39_wt_graph.pt,AB_C,1t83_39_graph.pt,,A:F241EB:F241EA:F243YB:F243YA:V262TB:V262TA:V264RB:V264RA:I332EB:I332E,1.36
1t83_40_wt_graph.pt,AB_C,1t83_40_graph.pt,,A:F241LB:F241L,0.8
1t83_41_wt_graph.pt,AB_C,1t83_41_graph.pt,,A:F241LB:F241LA:F243LB:F243LA:V262IB:V262IA:V264IB:V264I,1.43
1t83_42_wt_graph.pt,AB_C,1t83_42_graph.pt,,A:F241RB:F241RA:F243QB:F243QA:V262TB:V262TA:V264RB:V264R,2.32
1t83_43_wt_graph.pt,AB_C,1t83_43_graph.pt,,A:F241WB:F241W,0.73
1t83_44_wt_graph.pt,AB_C,1t83_44_graph.pt,,A:F241WB:F241WA:F243WB:F243W,1.58
1t83_45_wt_graph.pt,AB_C,1t83_45_graph.pt,,A:F241WB:F241WA:F243WB:F243WA:V262AB:V262AA:V264AB:V264A,1.91
1t83_46_wt_graph.pt,AB_C,1t83_46_graph.pt,,A:F241YB:F241YA:F243YB:F243YA:V262TB:V262TA:V264TB:V264T,1.78
1t83_47_wt_graph.pt,AB_C,1t83_47_graph.pt,,A:F241YB:F241YA:F243YB:F243YA:V262TB:V262TA:V264TB:V264TA:N297DB:N297DA:I332EB:I332E,1.12
1t83_48_wt_graph.pt,AB_C,1t83_48_graph.pt,,A:F243LB:F243L,0.4
1t83_49_wt_graph.pt,AB_C,1t83_49_graph.pt,,A:F243LB:F243LA:V262IB:V262IA:V264WB:V264W,2.32
1t83_50_wt_graph.pt,AB_C,1t83_50_graph.pt,,A:F243LB:F243LA:V264IB:V264I,-0.12
1t83_51_wt_graph.pt,AB_C,1t83_51_graph.pt,,A:F243WB:F243W,0.4
1t83_52_wt_graph.pt,AB_C,1t83_52_graph.pt,,A:F275WB:F275W,-0.06
1t83_53_wt_graph.pt,AB_C,1t83_53_graph.pt,,A:I332AB:I332A,0.07
1t83_54_wt_graph.pt,AB_C,1t83_54_graph.pt,,A:I332DB:I332D,-1.71
1t83_55_wt_graph.pt,AB_C,1t83_55_graph.pt,,A:I332EB:I332E,-1.13
1t83_56_wt_graph.pt,AB_C,1t83_56_graph.pt,,A:I332HB:I332H,0.46
1t83_57_wt_graph.pt,AB_C,1t83_57_graph.pt,,A:I332NB:I332N,0.56
1t83_58_wt_graph.pt,AB_C,1t83_58_graph.pt,,A:I332QB:I332Q,0.59
1t83_59_wt_graph.pt,AB_C,1t83_59_graph.pt,,A:I332TB:I332T,0.2
1t83_60_wt_graph.pt,AB_C,1t83_60_graph.pt,,A:I332YB:I332Y,0.16
1t83_61_wt_graph.pt,AB_C,1t83_61_graph.pt,,A:K274EB:K274E,-1.07
1t83_62_wt_graph.pt,AB_C,1t83_62_graph.pt,,A:K274LB:K274L,-0.05
1t83_63_wt_graph.pt,AB_C,1t83_63_graph.pt,,A:K274RB:K274R,-0.2
1t83_64_wt_graph.pt,AB_C,1t83_64_graph.pt,,A:K274TB:K274T,-0.2
1t83_65_wt_graph.pt,AB_C,1t83_65_graph.pt,,A:K274YB:K274Y,-0.04
1t83_66_wt_graph.pt,AB_C,1t83_66_graph.pt,,A:K326EB:K326E,-0.8
1t83_67_wt_graph.pt,AB_C,1t83_67_graph.pt,,A:K326IB:K326I,-0.21
1t83_68_wt_graph.pt,AB_C,1t83_68_graph.pt,,A:K326TB:K326T,-0.37
1t83_69_wt_graph.pt,AB_C,1t83_69_graph.pt,,A:L235DB:L235D,-0.3
1t83_70_wt_graph.pt,AB_C,1t83_70_graph.pt,,A:L235FB:L235F,0.19
1t83_71_wt_graph.pt,AB_C,1t83_71_graph.pt,,A:L235HB:L235H,0.53
1t83_72_wt_graph.pt,AB_C,1t83_72_graph.pt,,A:L235IB:L235I,-0.06
1t83_73_wt_graph.pt,AB_C,1t83_73_graph.pt,,A:L235NB:L235N,0.54
1t83_74_wt_graph.pt,AB_C,1t83_74_graph.pt,,A:L235QB:L235Q,0.4
1t83_75_wt_graph.pt,AB_C,1t83_75_graph.pt,,A:L235SB:L235S,-0.13
1t83_76_wt_graph.pt,AB_C,1t83_76_graph.pt,,A:L235TB:L235T,0.39
1t83_77_wt_graph.pt,AB_C,1t83_77_graph.pt,,A:L235VB:L235V,0.43
1t83_78_wt_graph.pt,AB_C,1t83_78_graph.pt,,A:L235YB:L235Y,-0.1
1t83_79_wt_graph.pt,AB_C,1t83_79_graph.pt,,A:L328AB:L328A,0.95
1t83_80_wt_graph.pt,AB_C,1t83_80_graph.pt,,A:L328DB:L328DA:I332EB:I332E,-0.17
1t83_81_wt_graph.pt,AB_C,1t83_81_graph.pt,,A:L328EB:L328E,1.26
1t83_82_wt_graph.pt,AB_C,1t83_82_graph.pt,,A:L328EB:L328EA:I332EB:I332E,0.95
1t83_83_wt_graph.pt,AB_C,1t83_83_graph.pt,,A:L328FB:L328F,0.85
1t83_84_wt_graph.pt,AB_C,1t83_84_graph.pt,,A:L328HB:L328H,2.32
1t83_85_wt_graph.pt,AB_C,1t83_85_graph.pt,,A:L328HB:L328HA:I332EB:I332E,2.32
1t83_86_wt_graph.pt,AB_C,1t83_86_graph.pt,,A:L328IB:L328IA:I332EB:I332E,-0.74
1t83_87_wt_graph.pt,AB_C,1t83_87_graph.pt,,A:L328IB:L328IA:I332EB:I332E,-1.16
1t83_88_wt_graph.pt,AB_C,1t83_88_graph.pt,,A:L328MB:L328M,0.93
1t83_89_wt_graph.pt,AB_C,1t83_89_graph.pt,,A:L328MB:L328MA:I332EB:I332E,-0.57
1t83_90_wt_graph.pt,AB_C,1t83_90_graph.pt,,A:L328NB:L328N,0.31
1t83_91_wt_graph.pt,AB_C,1t83_91_graph.pt,,A:L328NB:L328NA:I332EB:I332E,2.32
1t83_92_wt_graph.pt,AB_C,1t83_92_graph.pt,,A:L328QB:L328QA:I332EB:I332E,-0.26
1t83_93_wt_graph.pt,AB_C,1t83_93_graph.pt,,A:L328QB:L328QA:I332EB:I332E,0.21
1t83_94_wt_graph.pt,AB_C,1t83_94_graph.pt,,A:L328TB:L328TA:I332EB:I332E,-0.06
1t83_95_wt_graph.pt,AB_C,1t83_95_graph.pt,,A:L328VB:L328VA:I332EB:I332E,-0.43
1t83_96_wt_graph.pt,AB_C,1t83_96_graph.pt,,A:N276EB:N276E,0.08
1t83_97_wt_graph.pt,AB_C,1t83_97_graph.pt,,A:N276LB:N276L,-0.04
1t83_98_wt_graph.pt,AB_C,1t83_98_graph.pt,,A:N276RB:N276R,0.25
1t83_99_wt_graph.pt,AB_C,1t83_99_graph.pt,,A:N276SB:N276S,0.53
1t83_100_wt_graph.pt,AB_C,1t83_100_graph.pt,,A:N276YB:N276Y,0.34
1t83_101_wt_graph.pt,AB_C,1t83_101_graph.pt,,A:N297DB:N297D,2.32
1t83_102_wt_graph.pt,AB_C,1t83_102_graph.pt,,A:N297DB:N297DA:A330YB:A330YA:I332EB:I332E,0.5
1t83_103_wt_graph.pt,AB_C,1t83_103_graph.pt,,A:N297DB:N297DA:I332EB:I332E,1.5
1t83_104_wt_graph.pt,AB_C,1t83_104_graph.pt,,A:N297DB:N297DA:S298AB:S298AA:A330YB:A330YA:I332EB:I332E,1.09
1t83_105_wt_graph.pt,AB_C,1t83_105_graph.pt,,A:N297DB:N297DA:T299EB:T299EA:I332EB:I332E,2.32
1t83_106_wt_graph.pt,AB_C,1t83_106_graph.pt,,A:N297DB:N297DA:T299FB:T299FA:I332EB:I332E,2.32
1t83_107_wt_graph.pt,AB_C,1t83_107_graph.pt,,A:N297DB:N297DA:T299HB:T299HA:I332EB:I332E,2.32
1t83_108_wt_graph.pt,AB_C,1t83_108_graph.pt,,A:N297DB:N297DA:T299IB:T299IA:I332EB:I332E,2.32
1t83_109_wt_graph.pt,AB_C,1t83_109_graph.pt,,A:N297DB:N297DA:T299LB:T299LA:I332EB:I332E,2.32
1t83_110_wt_graph.pt,AB_C,1t83_110_graph.pt,,A:N297DB:N297DA:T299VB:T299VA:I332EB:I332E,2.32
1t83_111_wt_graph.pt,AB_C,1t83_111_graph.pt,,A:N297EB:N297EA:I332EB:I332E,2.32
1t83_112_wt_graph.pt,AB_C,1t83_112_graph.pt,,A:N297SB:N297S,2.32
1t83_113_wt_graph.pt,AB_C,1t83_113_graph.pt,,A:N297SB:N297SA:I332EB:I332E,2.32
1t83_114_wt_graph.pt,AB_C,1t83_114_graph.pt,,A:N325AB:N325A,1.31
1t83_115_wt_graph.pt,AB_C,1t83_115_graph.pt,,A:N325DB:N325D,0.53
1t83_116_wt_graph.pt,AB_C,1t83_116_graph.pt,,A:N325EB:N325E,2.32
1t83_117_wt_graph.pt,AB_C,1t83_117_graph.pt,,A:N325HB:N325H,0.19
1t83_118_wt_graph.pt,AB_C,1t83_118_graph.pt,,A:N325IB:N325I,2.32
1t83_119_wt_graph.pt,AB_C,1t83_119_graph.pt,,A:N325LB:N325L,2.32
1t83_120_wt_graph.pt,AB_C,1t83_120_graph.pt,,A:N325QB:N325Q,2.32
1t83_121_wt_graph.pt,AB_C,1t83_121_graph.pt,,A:N325TB:N325T,-0.06
1t83_122_wt_graph.pt,AB_C,1t83_122_graph.pt,,A:N325VB:N325V,0.43
1t83_123_wt_graph.pt,AB_C,1t83_123_graph.pt,,A:P244HB:P244H,0.11
1t83_124_wt_graph.pt,AB_C,1t83_124_graph.pt,,A:P244HB:P244HA:P245AB:P245AA:P247VB:P247V,0.04
1t83_125_wt_graph.pt,AB_C,1t83_125_graph.pt,,A:P245AB:P245A,0.82
1t83_126_wt_graph.pt,AB_C,1t83_126_graph.pt,,A:P247GB:P247G,0.36
1t83_127_wt_graph.pt,AB_C,1t83_127_graph.pt,,A:P247VB:P247V,0.38
1t83_128_wt_graph.pt,AB_C,1t83_128_graph.pt,,A:P329FB:P329F,2.32
1t83_129_wt_graph.pt,AB_C,1t83_129_graph.pt,,A:S239DB:S239D,-1.46
1t83_130_wt_graph.pt,AB_C,1t83_130_graph.pt,,A:S239DB:S239DA:A330LB:A330LA:I332EB:I332E,-2.92
1t83_131_wt_graph.pt,AB_C,1t83_131_graph.pt,,A:S239DB:S239DA:A330YB:A330YA:I332EB:I332E,-2.88
1t83_132_wt_graph.pt,AB_C,1t83_132_graph.pt,,A:S239DB:S239DA:A330YB:A330YA:I332EB:I332EA:K326EB:K326E,-2.47
1t83_133_wt_graph.pt,AB_C,1t83_133_graph.pt,,A:S239DB:S239DA:A330YB:A330YA:I332EB:I332EA:K326TB:K326T,-2.42
1t83_134_wt_graph.pt,AB_C,1t83_134_graph.pt,,A:S239DB:S239DA:A330YB:A330YA:I332EB:I332EA:L235DB:L235D,-1.16
1t83_135_wt_graph.pt,AB_C,1t83_135_graph.pt,,A:S239DB:S239DA:A330YB:A330YA:I332EB:I332EA:V240IB:V240I,-1.98
1t83_136_wt_graph.pt,AB_C,1t83_136_graph.pt,,A:S239DB:S239DA:A330YB:A330YA:I332EB:I332EA:V264TB:V264T,-1.71
1t83_137_wt_graph.pt,AB_C,1t83_137_graph.pt,,A:S239DB:S239DA:D265FB:D265FA:N297DB:N297DA:I332EB:I332E,2.32
1t83_138_wt_graph.pt,AB_C,1t83_138_graph.pt,,A:S239DB:S239DA:D265HB:D265HA:N297DB:N297DA:I332EB:I332E,1.91
1t83_139_wt_graph.pt,AB_C,1t83_139_graph.pt,,A:S239DB:S239DA:D265IB:D265IA:N297DB:N297DA:I332EB:I332E,2.73
1t83_140_wt_graph.pt,AB_C,1t83_140_graph.pt,,A:S239DB:S239DA:D265LB:D265LA:N297DB:N297DA:I332EB:I332E,2.32
1t83_141_wt_graph.pt,AB_C,1t83_141_graph.pt,,A:S239DB:S239DA:D265TB:D265TA:N297DB:N297DA:I332EB:I332E,2.32
1t83_142_wt_graph.pt,AB_C,1t83_142_graph.pt,,A:S239DB:S239DA:D265VB:D265VA:N297DB:N297DA:I332EB:I332E,2.08
1t83_143_wt_graph.pt,AB_C,1t83_143_graph.pt,,A:S239DB:S239DA:D265YB:D265YA:N297DB:N297DA:I332EB:I332E,2.32
1t83_144_wt_graph.pt,AB_C,1t83_144_graph.pt,,A:S239DB:S239DA:I332DB:I332D,-1.57
1t83_145_wt_graph.pt,AB_C,1t83_145_graph.pt,,A:S239DB:S239DA:I332EB:I332E,-2.39
1t83_146_wt_graph.pt,AB_C,1t83_146_graph.pt,,A:S239DB:S239DA:I332EB:I332EA:A330IB:A330I,-2.42
1t83_147_wt_graph.pt,AB_C,1t83_147_graph.pt,,A:S239DB:S239DA:I332NB:I332N,-1.17
1t83_148_wt_graph.pt,AB_C,1t83_148_graph.pt,,A:S239DB:S239DA:I332QB:I332Q,-1.32
1t83_149_wt_graph.pt,AB_C,1t83_149_graph.pt,,A:S239DB:S239DA:N297DB:N297DA:I332EB:I332E,0.76
1t83_150_wt_graph.pt,AB_C,1t83_150_graph.pt,,A:S239DB:S239DA:N297DB:N297DA:I332EB:I332EA:A330YB:A330Y,2.32
1t83_151_wt_graph.pt,AB_C,1t83_151_graph.pt,,A:S239DB:S239DA:N297DB:N297DA:I332EB:I332EA:A330YB:A330YA:F241SB:F241SA:F243HB:F243HA:V262TB:V262TA:V264TB:V264T,2.32
1t83_152_wt_graph.pt,AB_C,1t83_152_graph.pt,,A:S239DB:S239DA:S298AB:S298AA:I332EB:I332E,-3.37
1t83_153_wt_graph.pt,AB_C,1t83_153_graph.pt,,A:S239DB:S239DA:V264IB:V264IA:I332EB:I332E,-2.13
1t83_154_wt_graph.pt,AB_C,1t83_154_graph.pt,,A:S239EB:S239E,-1.38
1t83_155_wt_graph.pt,AB_C,1t83_155_graph.pt,,A:S239EB:S239EA:D265GB:D265G,2.32
1t83_156_wt_graph.pt,AB_C,1t83_156_graph.pt,,A:S239EB:S239EA:D265NB:D265N,2.32
1t83_157_wt_graph.pt,AB_C,1t83_157_graph.pt,,A:S239EB:S239EA:D265QB:D265Q,1.78
1t83_158_wt_graph.pt,AB_C,1t83_158_graph.pt,,A:S239EB:S239EA:I332DB:I332D,-1.32
1t83_159_wt_graph.pt,AB_C,1t83_159_graph.pt,,A:S239EB:S239EA:I332EB:I332E,-1.04
1t83_160_wt_graph.pt,AB_C,1t83_160_graph.pt,,A:S239EB:S239EA:I332NB:I332N,-1.47
1t83_161_wt_graph.pt,AB_C,1t83_161_graph.pt,,A:S239EB:S239EA:I332QB:I332Q,-0.79
1t83_162_wt_graph.pt,AB_C,1t83_162_graph.pt,,A:S239EB:S239EA:N297DB:N297DA:I332EB:I332E,1.67
1t83_163_wt_graph.pt,AB_C,1t83_163_graph.pt,,A:S239EB:S239EA:V264IB:V264IA:A330YB:A330YA:I332EB:I332E,-1.27
1t83_164_wt_graph.pt,AB_C,1t83_164_graph.pt,,A:S239EB:S239EA:V264IB:V264IA:I332EB:I332E,-1.62
1t83_165_wt_graph.pt,AB_C,1t83_165_graph.pt,,A:S239FB:S239F,0.9
1t83_166_wt_graph.pt,AB_C,1t83_166_graph.pt,,A:S239HB:S239H,0.95
1t83_167_wt_graph.pt,AB_C,1t83_167_graph.pt,,A:S239NB:S239N,2.32
1t83_168_wt_graph.pt,AB_C,1t83_168_graph.pt,,A:S239NB:S239NA:A330LB:A330LA:I332EB:I332E,-1.52
1t83_169_wt_graph.pt,AB_C,1t83_169_graph.pt,,A:S239NB:S239NA:A330YB:A330YA:I332EB:I332E,-1.57
1t83_170_wt_graph.pt,AB_C,1t83_170_graph.pt,,A:S239NB:S239NA:I332DB:I332D,-0.67
1t83_171_wt_graph.pt,AB_C,1t83_171_graph.pt,,A:S239NB:S239NA:I332EB:I332E,-1.57
1t83_172_wt_graph.pt,AB_C,1t83_172_graph.pt,,A:S239NB:S239NA:I332NB:I332N,0.5
1t83_173_wt_graph.pt,AB_C,1t83_173_graph.pt,,A:S239NB:S239NA:I332QB:I332Q,0.34
1t83_174_wt_graph.pt,AB_C,1t83_174_graph.pt,,A:S239NB:S239NA:S298AB:S298AA:I332EB:I332E,-2.06
1t83_175_wt_graph.pt,AB_C,1t83_175_graph.pt,,A:S239QB:S239QA:I332DB:I332D,-0.96
1t83_176_wt_graph.pt,AB_C,1t83_176_graph.pt,,A:S239QB:S239QA:I332EB:I332E,-1.12
1t83_177_wt_graph.pt,AB_C,1t83_177_graph.pt,,A:S239QB:S239QA:I332NB:I332N,0.56
1t83_178_wt_graph.pt,AB_C,1t83_178_graph.pt,,A:S239QB:S239QA:I332QB:I332Q,0.31
1t83_179_wt_graph.pt,AB_C,1t83_179_graph.pt,,A:S239QB:S239QA:V264IB:V264IA:I332EB:I332E,-0.45
1t83_180_wt_graph.pt,A_HL,1t83_180_graph.pt,,A:S239TB:S239T,-0.17
1t83_181_wt_graph.pt,A_HL,1t83_181_graph.pt,,A:S239YB:S239Y,0.93
1t83_182_wt_graph.pt,A_HL,1t83_182_graph.pt,,A:S267LB:S267LA:A327SB:A327S,2.32
1t83_183_wt_graph.pt,A_HL,1t83_183_graph.pt,,A:S267QB:S267QA:A327SB:A327S,2.08
1t83_184_wt_graph.pt,A_HL,1t83_184_graph.pt,,A:S298AB:S298A,-0.47
1t83_185_wt_graph.pt,A_HL,1t83_185_graph.pt,,A:S298AB:S298AA:E333AB:E333AA:K334AB:K334A,-0.56
1t83_186_wt_graph.pt,A_HL,1t83_186_graph.pt,,A:S298AB:S298AA:I332EB:I332E,-1.83
1t83_187_wt_graph.pt,A_HL,1t83_187_graph.pt,,A:S298HB:S298H,0.78
1t83_188_wt_graph.pt,A_HL,1t83_188_graph.pt,,A:S298NB:S298N,0.53
1t83_189_wt_graph.pt,A_HL,1t83_189_graph.pt,,A:S298TB:S298T,0.04
1t83_190_wt_graph.pt,A_HL,1t83_190_graph.pt,,A:S324DB:S324D,-0.04
1t83_191_wt_graph.pt,A_HL,1t83_191_graph.pt,,A:S324IB:S324I,-0.08
1t83_192_wt_graph.pt,A_HL,1t83_192_graph.pt,,A:S324LB:S324L,2.32
1t83_193_wt_graph.pt,A_HL,1t83_193_graph.pt,,A:S324RB:S324R,0.2
1t83_194_wt_graph.pt,A_HL,1t83_194_graph.pt,,A:S324VB:S324V,-0.09
1t83_195_wt_graph.pt,A_HL,1t83_195_graph.pt,,A:S324YB:S324Y,0.01
1t83_196_wt_graph.pt,A_HL,1t83_196_graph.pt,,A:T299AB:T299A,2.08
1t83_197_wt_graph.pt,A_HL,1t83_197_graph.pt,,A:T299HB:T299H,2.32
1t83_198_wt_graph.pt,A_HL,1t83_198_graph.pt,,A:T299IB:T299I,2.32
1t83_199_wt_graph.pt,A_HL,1t83_199_graph.pt,,A:T299SB:T299S,1.12
1t83_200_wt_graph.pt,A_HL,1t83_200_graph.pt,,A:T299VB:T299V,2.32
1t83_201_wt_graph.pt,A_HL,1t83_201_graph.pt,,A:T335DB:T335D,-0.61
1t83_202_wt_graph.pt,A_HL,1t83_202_graph.pt,,A:T335RB:T335R,-0.56
1t83_203_wt_graph.pt,A_HL,1t83_203_graph.pt,,A:T335YB:T335Y,-0.26
1t83_204_wt_graph.pt,A_HL,1t83_204_graph.pt,,A:V240AB:V240A,0.21
1t83_205_wt_graph.pt,A_HL,1t83_205_graph.pt,,A:V240IB:V240I,-0.7
1t83_206_wt_graph.pt,A_HL,1t83_206_graph.pt,,A:V240IB:V240IA:V266IB:V266I,-0.32
1t83_207_wt_graph.pt,A_HL,1t83_207_graph.pt,,A:V240MB:V240M,-0.43
1t83_208_wt_graph.pt,A_HL,1t83_208_graph.pt,,A:V263IB:V263I,1.36
1t83_209_wt_graph.pt,A_HL,1t83_209_graph.pt,,A:V263MB:V263M,1.78
1t83_210_wt_graph.pt,A_HL,1t83_210_graph.pt,,A:V263TB:V263T,0.5
1t83_211_wt_graph.pt,A_HL,1t83_211_graph.pt,,A:V264AB:V264A,0.38
1t83_212_wt_graph.pt,A_HL,1t83_212_graph.pt,,A:V264EB:V264EA:N297DB:N297DA:I332EB:I332E,1.78
1t83_213_wt_graph.pt,A_HL,1t83_213_graph.pt,,A:V264FB:V264F,1.09
1t83_214_wt_graph.pt,A_HL,1t83_214_graph.pt,,A:V264IB:V264I,-0.21
1t83_215_wt_graph.pt,A_HL,1t83_215_graph.pt,,A:V264IB:V264IA:A330LB:A330LA:I332EB:I332E,-1.43
1t83_216_wt_graph.pt,A_HL,1t83_216_graph.pt,,A:V264IB:V264IA:A330YB:A330YA:I332EB:I332E,-1.47
1t83_217_wt_graph.pt,A_HL,1t83_217_graph.pt,,A:V264IB:V264IA:I332EB:I332E,-1.5
1t83_218_wt_graph.pt,A_HL,1t83_218_graph.pt,,A:V264IB:V264IA:S298AB:S298AA:I332EB:I332E,-1.66
1t83_219_wt_graph.pt,A_HL,1t83_219_graph.pt,,A:V264LB:V264L,0.34
1t83_220_wt_graph.pt,A_HL,1t83_220_graph.pt,,A:V264MB:V264M,0.8
1t83_221_wt_graph.pt,AB_C,1t83_221_graph.pt,,A:V264TB:V264T,-0.6
1t83_222_wt_graph.pt,AB_C,1t83_222_graph.pt,,A:V264YB:V264Y,-0.01
1t83_223_wt_graph.pt,AB_C,1t83_223_graph.pt,,A:V266AB:V266A,2.32
1t83_224_wt_graph.pt,AB_C,1t83_224_graph.pt,,A:V266IB:V266I,-0.37
1t83_225_wt_graph.pt,AB_C,1t83_225_graph.pt,,A:V266MB:V266M,0.28
1t83_226_wt_graph.pt,AB_C,1t83_226_graph.pt,,A:V266TB:V266T,0.47
1t83_227_wt_graph.pt,AB_C,1t83_227_graph.pt,,A:V273IB:V273I,0.14
1t83_228_wt_graph.pt,AB_C,1t83_228_graph.pt,,A:V302IB:V302I,-0.01
1t83_229_wt_graph.pt,AB_C,1t83_229_graph.pt,,A:V323IB:V323I,0.11
1t83_230_wt_graph.pt,AB_C,1t83_230_graph.pt,,A:W313FB:W313F,0.08
1t83_231_wt_graph.pt,AB_C,1t83_231_graph.pt,,A:Y278EB:Y278E,0.06
1t83_232_wt_graph.pt,AB_C,1t83_232_graph.pt,,A:Y278TB:Y278T,-0.37
1t83_233_wt_graph.pt,AB_C,1t83_233_graph.pt,,A:Y278WB:Y278W,0.53
1t83_234_wt_graph.pt,AB_C,1t83_234_graph.pt,,A:Y296DB:Y296D,0.28
1t83_235_wt_graph.pt,AB_C,1t83_235_graph.pt,,A:Y296EB:Y296E,0.19
1t83_236_wt_graph.pt,AB_C,1t83_236_graph.pt,,A:Y296EB:Y296EA:N297DB:N297DA:I332EB:I332E,2.32
1t83_237_wt_graph.pt,AB_C,1t83_237_graph.pt,,A:Y296HB:Y296HA:N297DB:N297DA:I332EB:I332E,2.32
1t83_238_wt_graph.pt,AB_C,1t83_238_graph.pt,,A:Y296IB:Y296I,1.43
1t83_239_wt_graph.pt,AB_C,1t83_239_graph.pt,,A:Y296LB:Y296L,0.9
1t83_240_wt_graph.pt,AB_C,1t83_240_graph.pt,,A:Y296NB:Y296N,0.73
1t83_241_wt_graph.pt,AB_C,1t83_241_graph.pt,,A:Y296NB:Y296NA:N297DB:N297DA:I332EB:I332E,1.91
1t83_242_wt_graph.pt,AB_C,1t83_242_graph.pt,,A:Y296QB:Y296Q,0.39
1t83_243_wt_graph.pt,AB_C,1t83_243_graph.pt,,A:Y296QB:Y296QA:N297DB:N297DA:I332EB:I332E,2.32
1t83_244_wt_graph.pt,AB_C,1t83_244_graph.pt,,A:Y296SB:Y296S,1.26
1t83_245_wt_graph.pt,AB_C,1t83_245_graph.pt,,A:Y296TB:Y296T,2.32
1t83_246_wt_graph.pt,AB_C,1t83_246_graph.pt,,A:Y296TB:Y296TA:N297DB:N297DA:I332EB:I332E,2.32
1vfb_1_wt_graph.pt,AB_C,1vfb_1_graph.pt,,B:D100AC:S24A,3.4
1vfb_2_wt_graph.pt,AB_C,1vfb_2_graph.pt,,B:D54AC:T118A,1.2
1vfb_3_wt_graph.pt,AB_C,1vfb_3_graph.pt,,B:W52AC:D119A,2.2
1vfb_4_wt_graph.pt,AB_C,1vfb_4_graph.pt,,B:Y101FC:D119A,2.7
1vfb_5_wt_graph.pt,AB_C,1vfb_5_graph.pt,,B:Y101FC:V120A,2.5
1vfb_6_wt_graph.pt,AB_C,1vfb_6_graph.pt,,B:Y32AC:K116A,1.6
1vfb_7_wt_graph.pt,AB_C,1vfb_7_graph.pt,,A:W92AC:I124A,3.8
1vfb_8_wt_graph.pt,AB_C,1vfb_8_graph.pt,,A:W92AC:L129A,3.3
1vfb_9_wt_graph.pt,AB_C,1vfb_9_graph.pt,,A:W92AC:Q121A,3.5
1vfb_10_wt_graph.pt,AB_C,1vfb_10_graph.pt,,A:W92AC:R125A,3.4
1vfb_11_wt_graph.pt,AB_C,1vfb_11_graph.pt,,A:Y32AC:I124A,2.9
1vfb_12_wt_graph.pt,AB_C,1vfb_12_graph.pt,,A:Y32AC:Q121A,2.6
1vfb_13_wt_graph.pt,AB_C,1vfb_13_graph.pt,,A:Y50AC:D119A,1.2
1vfb_14_wt_graph.pt,AB_C,1vfb_14_graph.pt,,A:Y50AC:D18A,1.3
1vfb_15_wt_graph.pt,AB_C,1vfb_15_graph.pt,,C:D119A,1
1vfb_16_wt_graph.pt,AB_C,1vfb_16_graph.pt,,C:D18A,0.3
1vfb_17_wt_graph.pt,AB_C,1vfb_17_graph.pt,,C:I124A,1.2
1vfb_18_wt_graph.pt,AB_C,1vfb_18_graph.pt,,C:K116A,0.7
1vfb_19_wt_graph.pt,AB_C,1vfb_19_graph.pt,,C:L129A,0.2
1vfb_20_wt_graph.pt,AB_C,1vfb_20_graph.pt,,C:N19A,0.3
1vfb_21_wt_graph.pt,AB_C,1vfb_21_graph.pt,,C:Q121A,2.9
1vfb_22_wt_graph.pt,AB_C,1vfb_22_graph.pt,,C:R125A,1.8
1vfb_23_wt_graph.pt,AB_C,1vfb_23_graph.pt,,C:S24A,0.8
1vfb_24_wt_graph.pt,AB_C,1vfb_24_graph.pt,,C:T118A,0.8
1vfb_25_wt_graph.pt,AB_C,1vfb_25_graph.pt,,C:V120A,0.9
1vfb_26_wt_graph.pt,AB_C,1vfb_26_graph.pt,,C:Y23A,0.4
1vfb_27_wt_graph.pt,AB_C,1vfb_27_graph.pt,,B:D100A,2.9
1vfb_28_wt_graph.pt,AB_C,1vfb_28_graph.pt,,B:D54A,1
1vfb_29_wt_graph.pt,AB_C,1vfb_29_graph.pt,,B:D58E,0.08
1vfb_30_wt_graph.pt,AB_C,1vfb_30_graph.pt,,B:D58N,-0.13
1vfb_31_wt_graph.pt,AB_C,1vfb_31_graph.pt,,B:G31A,0.3
1vfb_32_wt_graph.pt,AB_C,1vfb_32_graph.pt,,B:G31E,-0.51
1vfb_33_wt_graph.pt,AB_C,1vfb_33_graph.pt,,B:G31W,0.01
1vfb_34_wt_graph.pt,AB_C,1vfb_34_graph.pt,,B:R99W,0.71
1vfb_35_wt_graph.pt,AB_C,1vfb_35_graph.pt,,B:R99Y,1.26
1vfb_36_wt_graph.pt,AB_C,1vfb_36_graph.pt,,B:S28D,0
1vfb_37_wt_graph.pt,AB_C,1vfb_37_graph.pt,,B:S28E,-0.1
1vfb_38_wt_graph.pt,AB_C,1vfb_38_graph.pt,,B:S28N,0.15
1vfb_39_wt_graph.pt,AB_C,1vfb_39_graph.pt,,B:S28Q,0.08
1vfb_40_wt_graph.pt,AB_C,1vfb_40_graph.pt,,B:W52A,0.9
1vfb_41_wt_graph.pt,AB_C,1vfb_41_graph.pt,,B:Y101A,4
1vfb_42_wt_graph.pt,C_HL,1vfb_42_graph.pt,,B:Y101F,1.6
1vfb_43_wt_graph.pt,C_HL,1vfb_43_graph.pt,,B:Y32A,1.1
1vfb_44_wt_graph.pt,C_HL,1vfb_44_graph.pt,,B:Y32E,1.91
1vfb_45_wt_graph.pt,C_HL,1vfb_45_graph.pt,,A:L46D,8
1vfb_46_wt_graph.pt,C_HL,1vfb_46_graph.pt,,A:L46E,8
1vfb_47_wt_graph.pt,C_HL,1vfb_47_graph.pt,,A:N31W,0.17
1vfb_48_wt_graph.pt,C_HL,1vfb_48_graph.pt,,A:T52F,0.47
1vfb_49_wt_graph.pt,C_HL,1vfb_49_graph.pt,,A:T53R,1.67
1vfb_50_wt_graph.pt,C_HL,1vfb_50_graph.pt,,A:W92A,3.3
1vfb_51_wt_graph.pt,C_HL,1vfb_51_graph.pt,,A:Y32A,1.7
1vfb_52_wt_graph.pt,C_HL,1vfb_52_graph.pt,,A:Y32W,8
1vfb_53_wt_graph.pt,C_HL,1vfb_53_graph.pt,,A:Y50A,0.5
1vfb_54_wt_graph.pt,C_HL,1vfb_54_graph.pt,,A:Y50K,1.67
1vfb_55_wt_graph.pt,C_HL,1vfb_55_graph.pt,,A:Y50R,0.85
1yy9_1_wt_graph.pt,C_HL,1yy9_1_graph.pt,,C:S26DC:T31EC:N93A,-1.33
1yy9_2_wt_graph.pt,C_HL,1yy9_2_graph.pt,,C:S26DC:T31EC:N93AD:N56AD:T61E,-0.65
1yy9_3_wt_graph.pt,C_HL,1yy9_3_graph.pt,,C:T31EC:N93A,-0.82
1yy9_4_wt_graph.pt,C_HL,1yy9_4_graph.pt,,D:N56A,-0.06
1yy9_5_wt_graph.pt,C_HL,1yy9_5_graph.pt,,D:T61E,-0.06
1yy9_6_wt_graph.pt,C_HL,1yy9_6_graph.pt,,C:N93A,-0.74
1yy9_7_wt_graph.pt,C_HL,1yy9_7_graph.pt,,C:S26D,-0.2
1yy9_8_wt_graph.pt,C_HL,1yy9_8_graph.pt,,C:T31E,-0.52
2jel_1_wt_graph.pt,C_HL,2jel_1_graph.pt,,P:A82S,0
2jel_2_wt_graph.pt,C_HL,2jel_2_graph.pt,,P:D69E,0.96
2jel_3_wt_graph.pt,C_HL,2jel_3_graph.pt,,P:E5D,0.41
2jel_4_wt_graph.pt,C_HL,2jel_4_graph.pt,,P:E5Q,0.72
2jel_5_wt_graph.pt,C_HL,2jel_5_graph.pt,,P:E66K,4.13
2jel_6_wt_graph.pt,C_HL,2jel_6_graph.pt,,P:E68A,0.41
2jel_7_wt_graph.pt,C_HL,2jel_7_graph.pt,,P:E70A,2.75
2jel_8_wt_graph.pt,C_HL,2jel_8_graph.pt,,P:E70K,4.13
2jel_9_wt_graph.pt,C_HL,2jel_9_graph.pt,,P:E75R,2.75
2jel_10_wt_graph.pt,C_HL,2jel_10_graph.pt,,P:E83A,0
2jel_11_wt_graph.pt,C_HL,2jel_11_graph.pt,,P:E85A,0
2jel_12_wt_graph.pt,C_HL,2jel_12_graph.pt,,P:E85D,0
2jel_13_wt_graph.pt,C_HL,2jel_13_graph.pt,,P:E85K,0
2jel_14_wt_graph.pt,C_HL,2jel_14_graph.pt,,P:E85Q,0
2jel_15_wt_graph.pt,C_HL,2jel_15_graph.pt,,P:F2W,2.64
2jel_16_wt_graph.pt,C_HL,2jel_16_graph.pt,,P:F2Y,0
2jel_17_wt_graph.pt,C_HL,2jel_17_graph.pt,,P:H76A,-0.41
2jel_18_wt_graph.pt,C_HL,2jel_18_graph.pt,,P:H76D,-0.66
2jel_19_wt_graph.pt,C_HL,2jel_19_graph.pt,,P:K24E,0
2jel_20_wt_graph.pt,C_HL,2jel_20_graph.pt,,P:K27E,0
2jel_21_wt_graph.pt,C_HL,2jel_21_graph.pt,,P:K72E,0.41
2jel_22_wt_graph.pt,C_HL,2jel_22_graph.pt,,P:K72R,0
2jel_23_wt_graph.pt,C_HL,2jel_23_graph.pt,,P:K79E,0.41
2jel_24_wt_graph.pt,C_HL,2jel_24_graph.pt,,P:N12D,0
2jel_25_wt_graph.pt,C_HL,2jel_25_graph.pt,,P:N38T,0
2jel_26_wt_graph.pt,C_HL,2jel_26_graph.pt,,P:P11E,0
2jel_27_wt_graph.pt,C_HL,2jel_27_graph.pt,,P:Q3K,4.13
2jel_28_wt_graph.pt,C_HL,2jel_28_graph.pt,,P:Q4K,1.38
2jel_29_wt_graph.pt,C_HL,2jel_29_graph.pt,,P:Q57E,-0.41
2jel_30_wt_graph.pt,C_HL,2jel_30_graph.pt,,P:Q71E,2.75
2jel_31_wt_graph.pt,C_HL,2jel_31_graph.pt,,P:R17G,0
2jel_32_wt_graph.pt,C_HL,2jel_32_graph.pt,,P:R17K,0
2jel_33_wt_graph.pt,C_HL,2jel_33_graph.pt,,P:S41C,1.51
2jel_34_wt_graph.pt,A_HL,2jel_34_graph.pt,,P:S43C,0
2jel_35_wt_graph.pt,A_HL,2jel_35_graph.pt,,P:S46C,0
2jel_36_wt_graph.pt,A_HL,2jel_36_graph.pt,,P:S64T,4.13
2jel_37_wt_graph.pt,A_HL,2jel_37_graph.pt,,P:T34Q,0
2jel_38_wt_graph.pt,A_HL,2jel_38_graph.pt,,P:T36Q,0.41
2jel_39_wt_graph.pt,A_HL,2jel_39_graph.pt,,P:T62A,0
2jel_40_wt_graph.pt,A_HL,2jel_40_graph.pt,,P:T62N,0
2jel_41_wt_graph.pt,A_HL,2jel_41_graph.pt,,P:T7N,0.41
2jel_42_wt_graph.pt,P_HL,2jel_42_graph.pt,,P:T7S,0
2jel_43_wt_graph.pt,P_HL,2jel_43_graph.pt,,P:V6F,0
2ny7_1_wt_graph.pt,P_HL,2ny7_1_graph.pt,,H:N31HH:V33TH:I34L,-0.69
2ny7_2_wt_graph.pt,P_HL,2ny7_2_graph.pt,,H:N31HH:V33TH:I34V,-0.81
2ny7_3_wt_graph.pt,P_HL,2ny7_3_graph.pt,,H:P97EH:Y98WH:S99G,-1.23
2ny7_4_wt_graph.pt,P_HL,2ny7_4_graph.pt,,H:P97EH:Y98WH:S99GH:D100aDH:D100bQH:S100cRH:P100dRH:Q100eY,-0.74
2ny7_5_wt_graph.pt,P_HL,2ny7_5_graph.pt,,H:P97EH:Y98WH:S99GH:D100aDH:D100bQH:S100cVH:P100dRH:Q100eY,-2.26
2ny7_6_wt_graph.pt,P_HL,2ny7_6_graph.pt,,H:P97EH:Y98WH:S99GH:D100aEH:D100bMH:S100cFH:P100dRH:Q100eY,-2.46
2ny7_7_wt_graph.pt,P_HL,2ny7_7_graph.pt,,H:P97EH:Y98WH:S99GH:D100aEH:D100bMH:S100cRH:P100dRH:Q100eF,-2.3
2ny7_8_wt_graph.pt,P_HL,2ny7_8_graph.pt,,H:P97EH:Y98WH:S99GH:D100aEH:D100bQH:S100cFH:P100dRH:Q100eF,-1.61
2ny7_9_wt_graph.pt,P_HL,2ny7_9_graph.pt,,H:P97EH:Y98WH:S99GH:D100aHH:D100bQH:S100cRH:P100dRH:Q100eY,-2.27
2ny7_10_wt_graph.pt,P_HL,2ny7_10_graph.pt,,H:P97EH:Y98WH:S99GH:D100aTH:D100bQH:S100cRH:P100dRH:Q100eF,-2.12
2ny7_11_wt_graph.pt,P_HL,2ny7_11_graph.pt,,H:V33TH:H35M,-0.57
2ny7_12_wt_graph.pt,P_HL,2ny7_12_graph.pt,,H:V33TH:I34V,-1.25
2ny7_13_wt_graph.pt,P_HL,2ny7_13_graph.pt,,L:A93GL:S95A,-0.38
2ny7_14_wt_graph.pt,P_HL,2ny7_14_graph.pt,,L:A93WL:S95Q,-1.47
2ny7_15_wt_graph.pt,P_HL,2ny7_15_graph.pt,,L:S28KL:I28aEL:R29FL:S30G,-0.16
2ny7_16_wt_graph.pt,P_HL,2ny7_16_graph.pt,,L:S28PL:I28aLL:R29HL:S30RL:R31A,-1.3
2ny7_17_wt_graph.pt,P_HL,2ny7_17_graph.pt,,L:S28QL:I28aLL:R29DL:S30GL:R31S,-2
2ny7_18_wt_graph.pt,P_HL,2ny7_18_graph.pt,,L:S28TL:I28aVL:R29YL:S30RL:R31D,-1.03
2ny7_19_wt_graph.pt,P_HL,2ny7_19_graph.pt,,L:V90KL:A93DL:S95F,-2
2ny7_20_wt_graph.pt,P_HL,2ny7_20_graph.pt,,L:V90KL:A93GL:S94GL:S95T,-1.93
2ny7_21_wt_graph.pt,P_HL,2ny7_21_graph.pt,,L:V90LL:A93RL:S94GL:S95N,-1.61
2ny7_22_wt_graph.pt,P_HL,2ny7_22_graph.pt,,L:V90ML:A93GL:S94FL:S95T,-1.36
2ny7_23_wt_graph.pt,P_HL,2ny7_23_graph.pt,,L:V90ML:A93GL:S94RL:S95D,-0.24
2ny7_24_wt_graph.pt,P_HL,2ny7_24_graph.pt,,L:V90QL:A93DL:S95L,-1.61
2ny7_25_wt_graph.pt,P_HL,2ny7_25_graph.pt,,L:V90QL:A93WL:S94PL:S95F,-2.27
2ny7_26_wt_graph.pt,P_HL,2ny7_26_graph.pt,,L:V90SL:A93GL:S94RL:S95D,-1.52
2ny7_27_wt_graph.pt,P_HL,2ny7_27_graph.pt,,L:V90TL:A93RL:S94G,-2.65
2ny7_28_wt_graph.pt,P_HL,2ny7_28_graph.pt,,L:V90TL:A93RL:S94GL:S95H,-2.71
2ny7_29_wt_graph.pt,P_HL,2ny7_29_graph.pt,,L:V90TL:A93RL:S94GL:S95I,-2.31
2ny7_30_wt_graph.pt,P_HL,2ny7_30_graph.pt,,L:V90TL:A93RL:S94GL:S95V,-0.98
2ny7_31_wt_graph.pt,P_HL,2ny7_31_graph.pt,,L:V90TL:A93WL:S95G,-1.56
2nyy_1_wt_graph.pt,P_HL,2nyy_1_graph.pt,,A:D1058A,0.01
2nyy_2_wt_graph.pt,P_HL,2nyy_2_graph.pt,,A:D1062A,2.53
2nyy_3_wt_graph.pt,P_HL,2nyy_3_graph.pt,,A:E920A,2.84
2nyy_4_wt_graph.pt,P_HL,2nyy_4_graph.pt,,A:F917A,0.42
2nyy_5_wt_graph.pt,P_HL,2nyy_5_graph.pt,,A:F953A,4.06
2nyy_6_wt_graph.pt,P_HL,2nyy_6_graph.pt,,A:H1064A,7.32
2nyy_7_wt_graph.pt,P_HL,2nyy_7_graph.pt,,A:I956A,-0.01
2nyy_8_wt_graph.pt,P_HL,2nyy_8_graph.pt,,A:K1056A,-0.03
2nyy_9_wt_graph.pt,P_HL,2nyy_9_graph.pt,,A:K903A,0.29
2nyy_10_wt_graph.pt,P_HL,2nyy_10_graph.pt,,A:K923A,-0.14
2nyy_11_wt_graph.pt,G_HL,2nyy_11_graph.pt,,A:L919A,2.59
2nyy_12_wt_graph.pt,G_HL,2nyy_12_graph.pt,,A:N918A,0.89
2nyy_13_wt_graph.pt,G_HL,2nyy_13_graph.pt,,A:N954A,0.1
2nyy_14_wt_graph.pt,G_HL,2nyy_14_graph.pt,,A:Q915A,0.52
2nyy_15_wt_graph.pt,G_HL,2nyy_15_graph.pt,,A:R1061A,0.82
2nyy_16_wt_graph.pt,G_HL,2nyy_16_graph.pt,,A:R1294A,0.3
2nyy_17_wt_graph.pt,G_HL,2nyy_17_graph.pt,,A:S902A,-0.23
2nyy_18_wt_graph.pt,G_HL,2nyy_18_graph.pt,,A:S955A,0
2nyy_19_wt_graph.pt,G_HL,2nyy_19_graph.pt,,A:T1063A,1.62
2nyy_20_wt_graph.pt,G_HL,2nyy_20_graph.pt,,D:K30R,0.07
2nyy_21_wt_graph.pt,G_HL,2nyy_21_graph.pt,,D:M34Q,-0.06
2nyy_22_wt_graph.pt,G_HL,2nyy_22_graph.pt,,D:Y31D,0.07
2nyy_23_wt_graph.pt,G_HL,2nyy_23_graph.pt,,D:Y31Q,0.13
2nyy_24_wt_graph.pt,G_HL,2nyy_24_graph.pt,,D:Y57Q,0.52
2nyy_25_wt_graph.pt,G_HL,2nyy_25_graph.pt,,C:D30Y,0.65
2nyy_26_wt_graph.pt,G_HL,2nyy_26_graph.pt,,C:H34R,0.1
2nyy_27_wt_graph.pt,G_HL,2nyy_27_graph.pt,,C:S28Q,0.42
2nyy_28_wt_graph.pt,G_HL,2nyy_28_graph.pt,,C:S31N,-0.36
2nz9_1_wt_graph.pt,G_HL,2nz9_1_graph.pt,,A:D1058A,-0.03
2nz9_2_wt_graph.pt,G_HL,2nz9_2_graph.pt,,A:D1062A,2.34
2nz9_3_wt_graph.pt,G_HL,2nz9_3_graph.pt,,A:E920A,2.77
2nz9_4_wt_graph.pt,G_HL,2nz9_4_graph.pt,,A:F917A,-0.05
2nz9_5_wt_graph.pt,G_HL,2nz9_5_graph.pt,,A:F953A,3.34
2nz9_6_wt_graph.pt,G_HL,2nz9_6_graph.pt,,A:H1064A,7.42
2nz9_7_wt_graph.pt,G_HL,2nz9_7_graph.pt,,A:I956A,0.07
2nz9_8_wt_graph.pt,G_HL,2nz9_8_graph.pt,,A:K1056A,-0.01
2nz9_9_wt_graph.pt,G_HL,2nz9_9_graph.pt,,A:K903A,0.54
2nz9_10_wt_graph.pt,G_HL,2nz9_10_graph.pt,,A:K923A,-0.3
2nz9_11_wt_graph.pt,G_HL,2nz9_11_graph.pt,,A:L919A,2.28
,,,,A:N918A,
2nz9_12_wt_graph.pt,G_HL,2nz9_12_graph.pt,,A:N954A,-0.15
2nz9_13_wt_graph.pt,G_HL,2nz9_13_graph.pt,,A:Q915A,0.1
2nz9_14_wt_graph.pt,A_HL,2nz9_14_graph.pt,,A:R1061A,0.29
2nz9_15_wt_graph.pt,A_HL,2nz9_15_graph.pt,,A:R1294A,0.39
2nz9_16_wt_graph.pt,A_HL,2nz9_16_graph.pt,,A:S902A,-0.12
2nz9_17_wt_graph.pt,A_HL,2nz9_17_graph.pt,,A:S955A,-0.08
2nz9_18_wt_graph.pt,A_HL,2nz9_18_graph.pt,,A:T1063A,2.37
3bdy_1_wt_graph.pt,A_HL,3bdy_1_graph.pt,,H:D31A,0.2
3bdy_2_wt_graph.pt,A_HL,3bdy_2_graph.pt,,H:D98A,0
3bdy_3_wt_graph.pt,A_HL,3bdy_3_graph.pt,,H:F100A,0.7
3bdy_4_wt_graph.pt,A_HL,3bdy_4_graph.pt,,H:G96A,0.2
3bdy_5_wt_graph.pt,A_HL,3bdy_5_graph.pt,,H:G97A,-0.1
3bdy_6_wt_graph.pt,A_HL,3bdy_6_graph.pt,,H:G99A,0.8
3bdy_7_wt_graph.pt,A_HL,3bdy_7_graph.pt,,H:K30A,0.2
3bdy_8_wt_graph.pt,A_HL,3bdy_8_graph.pt,,H:N54A,-0.2
3bdy_9_wt_graph.pt,A_HL,3bdy_9_graph.pt,,H:R50A,-0.3
3bdy_10_wt_graph.pt,A_HL,3bdy_10_graph.pt,,H:R58A,-0.2
3bdy_11_wt_graph.pt,A_HL,3bdy_11_graph.pt,,H:T32A,-0.4
3bdy_12_wt_graph.pt,A_HL,3bdy_12_graph.pt,,H:T53A,-0.5
3bdy_13_wt_graph.pt,A_HL,3bdy_13_graph.pt,,H:W95A,2
3bdy_14_wt_graph.pt,A_HL,3bdy_14_graph.pt,,H:Y100AA,0.5
3bdy_15_wt_graph.pt,A_HL,3bdy_15_graph.pt,,H:Y33A,0.3
3bdy_16_wt_graph.pt,A_HL,3bdy_16_graph.pt,,H:Y52A,0.4
3bdy_17_wt_graph.pt,A_HL,3bdy_17_graph.pt,,H:Y56A,0.2
3bdy_18_wt_graph.pt,A_HL,3bdy_18_graph.pt,,L:D27AA,0
3bdy_19_wt_graph.pt,A_HL,3bdy_19_graph.pt,,L:G31A,1.2
3bdy_20_wt_graph.pt,A_HL,3bdy_20_graph.pt,,L:G51A,1
3bdy_21_wt_graph.pt,A_HL,3bdy_21_graph.pt,,L:H91A,2
3bdy_22_wt_graph.pt,A_HL,3bdy_22_graph.pt,,L:I27BA,1.1
3bdy_23_wt_graph.pt,A_HL,3bdy_23_graph.pt,,L:I29A,0.8
3bdy_24_wt_graph.pt,A_HL,3bdy_24_graph.pt,,L:P27CA,0.2
3bdy_25_wt_graph.pt,A_HL,3bdy_25_graph.pt,,L:R27DA,-0.2
3bdy_26_wt_graph.pt,A_HL,3bdy_26_graph.pt,,L:S28A,1
3bdy_27_wt_graph.pt,A_HL,3bdy_27_graph.pt,,L:S30A,1.3
3bdy_28_wt_graph.pt,A_HL,3bdy_28_graph.pt,,L:S52A,0.1
3bdy_29_wt_graph.pt,A_HL,3bdy_29_graph.pt,,L:T93A,-0.3
3bdy_30_wt_graph.pt,A_HL,3bdy_30_graph.pt,,L:T94A,0
3bdy_31_wt_graph.pt,A_HL,3bdy_31_graph.pt,,L:W50A,1.3
3bdy_32_wt_graph.pt,A_HL,3bdy_32_graph.pt,,L:Y32A,1.7
3bdy_33_wt_graph.pt,A_HL,3bdy_33_graph.pt,,L:Y53A,0.7
3bdy_34_wt_graph.pt,A_HL,3bdy_34_graph.pt,,L:Y92A,1.4
3be1_1_wt_graph.pt,A_HL,3be1_1_graph.pt,,H:D31A,0.4
3be1_2_wt_graph.pt,A_HL,3be1_2_graph.pt,,H:D98A,-0.1
3be1_3_wt_graph.pt,A_HL,3be1_3_graph.pt,,H:F100A,1.9
3be1_4_wt_graph.pt,A_HL,3be1_4_graph.pt,,H:G96A,0.1
3be1_5_wt_graph.pt,A_HL,3be1_5_graph.pt,,H:G97A,0.3
3be1_6_wt_graph.pt,A_HL,3be1_6_graph.pt,,H:G99A,1.8
3be1_7_wt_graph.pt,A_HL,3be1_7_graph.pt,,H:K30A,-0.3
3be1_8_wt_graph.pt,V_HL,3be1_8_graph.pt,,H:N54A,-0.8
3be1_9_wt_graph.pt,V_HL,3be1_9_graph.pt,,H:R50A,2.4
3be1_10_wt_graph.pt,V_HL,3be1_10_graph.pt,,H:R58A,2.5
3be1_11_wt_graph.pt,V_HL,3be1_11_graph.pt,,H:T32A,-0.4
3be1_12_wt_graph.pt,V_HL,3be1_12_graph.pt,,H:T53A,0.1
3be1_13_wt_graph.pt,V_HL,3be1_13_graph.pt,,H:W95A,1.8
3be1_14_wt_graph.pt,V_HL,3be1_14_graph.pt,,H:Y100AA,1.2
3be1_15_wt_graph.pt,V_HL,3be1_15_graph.pt,,H:Y33A,2.4
3be1_16_wt_graph.pt,V_HL,3be1_16_graph.pt,,H:Y52A,-0.8
3be1_17_wt_graph.pt,V_HL,3be1_17_graph.pt,,H:Y56A,1.8
3be1_18_wt_graph.pt,V_HL,3be1_18_graph.pt,,L:D27AA,0
3be1_19_wt_graph.pt,V_HL,3be1_19_graph.pt,,L:G31A,0.3
3be1_20_wt_graph.pt,V_HL,3be1_20_graph.pt,,L:G51A,-0.3
3be1_21_wt_graph.pt,V_HL,3be1_21_graph.pt,,L:H91A,0.9
3be1_22_wt_graph.pt,V_HL,3be1_22_graph.pt,,L:I27BA,-0.2
3be1_23_wt_graph.pt,V_HL,3be1_23_graph.pt,,L:I29A,0.9
3be1_24_wt_graph.pt,V_HL,3be1_24_graph.pt,,L:P27CA,0.1
3be1_25_wt_graph.pt,V_HL,3be1_25_graph.pt,,L:R27DA,-0.2
3be1_26_wt_graph.pt,V_HL,3be1_26_graph.pt,,L:S28A,0.3
3be1_27_wt_graph.pt,V_HL,3be1_27_graph.pt,,L:S30A,-0.2
3be1_28_wt_graph.pt,V_HL,3be1_28_graph.pt,,L:S52A,0.3
3be1_29_wt_graph.pt,V_HL,3be1_29_graph.pt,,L:T93A,-0.4
3be1_30_wt_graph.pt,V_HL,3be1_30_graph.pt,,L:T94A,1.4
3be1_31_wt_graph.pt,V_HL,3be1_31_graph.pt,,L:W50A,1.4
3be1_32_wt_graph.pt,V_HL,3be1_32_graph.pt,,L:Y32A,-0.8
3be1_33_wt_graph.pt,V_HL,3be1_33_graph.pt,,L:Y53A,0.9
3be1_34_wt_graph.pt,V_HL,3be1_34_graph.pt,,L:Y92A,0.5
3bn9_1_wt_graph.pt,V_HL,3bn9_1_graph.pt,,B:D217A,0.57
3bn9_2_wt_graph.pt,V_HL,3bn9_2_graph.pt,,B:D60AA,0.42
3bn9_3_wt_graph.pt,V_HL,3bn9_3_graph.pt,,B:D60BA,0.31
3bn9_4_wt_graph.pt,V_HL,3bn9_4_graph.pt,,B:D96A,6.7
3bn9_5_wt_graph.pt,V_HL,3bn9_5_graph.pt,,B:E169A,0.37
3bn9_6_wt_graph.pt,V_HL,3bn9_6_graph.pt,,B:F60EA,-0.05
3bn9_7_wt_graph.pt,V_HL,3bn9_7_graph.pt,,B:F94A,0.64
3bn9_8_wt_graph.pt,A_HL,3bn9_8_graph.pt,,B:F97A,6.7
3bn9_9_wt_graph.pt,A_HL,3bn9_9_graph.pt,,B:H143A,0.09
3bn9_10_wt_graph.pt,A_HL,3bn9_10_graph.pt,,B:I41A,0
3bn9_11_wt_graph.pt,A_HL,3bn9_11_graph.pt,,B:I60A,0.84
3bn9_12_wt_graph.pt,A_HL,3bn9_12_graph.pt,,B:K224A,0.79
3bn9_13_wt_graph.pt,A_HL,3bn9_13_graph.pt,,B:L153A,0.34
3bn9_14_wt_graph.pt,A_HL,3bn9_14_graph.pt,,B:N95A,0.77
3bn9_15_wt_graph.pt,A_HL,3bn9_15_graph.pt,,B:Q145A,0.13
3bn9_16_wt_graph.pt,A_HL,3bn9_16_graph.pt,,B:Q174A,-0.03
3bn9_17_wt_graph.pt,A_HL,3bn9_17_graph.pt,,B:Q175A,2.51
3bn9_18_wt_graph.pt,A_HL,3bn9_18_graph.pt,,B:Q221AA,0.71
3bn9_19_wt_graph.pt,A_HL,3bn9_19_graph.pt,,B:Q38A,-0.42
3bn9_20_wt_graph.pt,A_HL,3bn9_20_graph.pt,,B:R222A,-0.09
3bn9_21_wt_graph.pt,A_HL,3bn9_21_graph.pt,,B:R60CA,-0.05
3bn9_22_wt_graph.pt,A_HL,3bn9_22_graph.pt,,B:R60FA,-0.07
3bn9_23_wt_graph.pt,A_HL,3bn9_23_graph.pt,,B:R87A,-0.16
3bn9_24_wt_graph.pt,A_HL,3bn9_24_graph.pt,,B:T150A,0.29
3bn9_25_wt_graph.pt,A_HL,3bn9_25_graph.pt,,B:T98A,1.13
3bn9_26_wt_graph.pt,A_HL,3bn9_26_graph.pt,,B:Y146A,1.09
3bn9_27_wt_graph.pt,A_HL,3bn9_27_graph.pt,,B:Y60GA,0.02
3bn9_28_wt_graph.pt,A_HL,3bn9_28_graph.pt,,D:P100H,8
3bn9_29_wt_graph.pt,A_HL,3bn9_29_graph.pt,,D:Q100AV,1.36
3bn9_30_wt_graph.pt,A_HL,3bn9_30_graph.pt,,D:S30G,1.36
3bn9_31_wt_graph.pt,A_HL,3bn9_31_graph.pt,,D:S30N,1.36
3bn9_32_wt_graph.pt,A_HL,3bn9_32_graph.pt,,D:T28R,0.3
3bn9_33_wt_graph.pt,A_HL,3bn9_33_graph.pt,,D:T98Q,0
3bn9_34_wt_graph.pt,A_HL,3bn9_34_graph.pt,,D:T98R,-0.06
3bn9_35_wt_graph.pt,A_HL,3bn9_35_graph.pt,,D:Y99S,0.41
3hfm_1_wt_graph.pt,A_HL,3hfm_1_graph.pt,,H:C95AY:K96A,8
3hfm_2_wt_graph.pt,A_HL,3hfm_2_graph.pt,,H:C95AY:K97A,8
3hfm_3_wt_graph.pt,A_HL,3hfm_3_graph.pt,,H:C95AY:Y20A,8
3hfm_4_wt_graph.pt,A_HL,3hfm_4_graph.pt,,H:C95FY:K96A,8
3hfm_5_wt_graph.pt,A_HL,3hfm_5_graph.pt,,H:C95FY:K97A,8
3hfm_6_wt_graph.pt,A_HL,3hfm_6_graph.pt,,H:C95FY:Y20A,6.18
3hfm_7_wt_graph.pt,A_HL,3hfm_7_graph.pt,,H:D32AY:K97A,4.6
3hfm_8_wt_graph.pt,A_HL,3hfm_8_graph.pt,,H:D32AY:K97M,1.12
3hfm_9_wt_graph.pt,A_HL,3hfm_9_graph.pt,,H:D32NY:K97A,4.89
3hfm_10_wt_graph.pt,A_HL,3hfm_10_graph.pt,,H:D32NY:K97M,0.3
3hfm_11_wt_graph.pt,A_HL,3hfm_11_graph.pt,,H:Y33AY:K96A,8
3hfm_12_wt_graph.pt,A_HL,3hfm_12_graph.pt,,H:Y33AY:K97A,6.83
3hfm_13_wt_graph.pt,A_HL,3hfm_13_graph.pt,,H:Y33AY:Y20A,8
3hfm_14_wt_graph.pt,A_HL,3hfm_14_graph.pt,,H:Y50AY:R21A,8
3hfm_15_wt_graph.pt,A_HL,3hfm_15_graph.pt,,L:N31AY:K96A,8
3hfm_16_wt_graph.pt,A_HL,3hfm_16_graph.pt,,L:N32AY:Y20A,8
3hfm_17_wt_graph.pt,A_HL,3hfm_17_graph.pt,,L:Y50AY:K96A,8
3hfm_18_wt_graph.pt,A_HL,3hfm_18_graph.pt,,L:Y50AY:K97A,8
3hfm_19_wt_graph.pt,A_HL,3hfm_19_graph.pt,,L:Y50AY:R21A,6.42
3hfm_20_wt_graph.pt,A_HL,3hfm_20_graph.pt,,L:Y50AY:Y20A,8
3hfm_21_wt_graph.pt,A_HL,3hfm_21_graph.pt,,L:Y50FY:K96A,8
3hfm_22_wt_graph.pt,A_HL,3hfm_22_graph.pt,,L:Y50FY:K97A,8
3hfm_23_wt_graph.pt,A_HL,3hfm_23_graph.pt,,L:Y50FY:R21A,4.33
3hfm_24_wt_graph.pt,A_HL,3hfm_24_graph.pt,,L:Y50FY:Y20A,6.18
3hfm_25_wt_graph.pt,A_HL,3hfm_25_graph.pt,,L:Y96AY:R21A,5.76
3hfm_26_wt_graph.pt,A_HL,3hfm_26_graph.pt,,L:Y96FY:R21A,4.19
3hfm_27_wt_graph.pt,A_HL,3hfm_27_graph.pt,,H:C95A,5.52
3hfm_28_wt_graph.pt,A_HL,3hfm_28_graph.pt,,H:C95F,3.25
3hfm_29_wt_graph.pt,A_HL,3hfm_29_graph.pt,,H:D32A,1.9
3hfm_30_wt_graph.pt,A_HL,3hfm_30_graph.pt,,H:D32N,0.17
3hfm_31_wt_graph.pt,A_HL,3hfm_31_graph.pt,,H:S31A,0.17
3hfm_32_wt_graph.pt,A_HL,3hfm_32_graph.pt,,H:Y33A,6
3hfm_33_wt_graph.pt,A_HL,3hfm_33_graph.pt,,H:Y50A,8
3hfm_34_wt_graph.pt,A_HL,3hfm_34_graph.pt,,L:N31A,5.22
3hfm_35_wt_graph.pt,A_HL,3hfm_35_graph.pt,,L:N31D,1.34
3hfm_36_wt_graph.pt,A_HL,3hfm_36_graph.pt,,L:N31E,5.67
3hfm_37_wt_graph.pt,A_HL,3hfm_37_graph.pt,,L:N32A,5.11
3hfm_38_wt_graph.pt,A_HL,3hfm_38_graph.pt,,L:Q53A,0.95
3hfm_39_wt_graph.pt,A_HL,3hfm_39_graph.pt,,L:Y50A,4.57
3hfm_40_wt_graph.pt,A_HL,3hfm_40_graph.pt,,L:Y50F,2.36
3hfm_41_wt_graph.pt,A_HL,3hfm_41_graph.pt,,L:Y50L,4.4
3hfm_42_wt_graph.pt,Y_HL,3hfm_42_graph.pt,,L:Y96A,2.71
3hfm_43_wt_graph.pt,Y_HL,3hfm_43_graph.pt,,L:Y96F,1.4
3hfm_44_wt_graph.pt,Y_HL,3hfm_44_graph.pt,,Y:K96A,6.83
3hfm_45_wt_graph.pt,Y_HL,3hfm_45_graph.pt,,Y:K97A,6.18
3hfm_46_wt_graph.pt,Y_HL,3hfm_46_graph.pt,,Y:K97M,1.09
3hfm_47_wt_graph.pt,Y_HL,3hfm_47_graph.pt,,Y:R21A,1.03
3hfm_48_wt_graph.pt,Y_HL,3hfm_48_graph.pt,,Y:Y20A,4.87
3k2m_1_wt_graph.pt,Y_HL,3k2m_1_graph.pt,,D:E52A,2.5
3k2m_2_wt_graph.pt,Y_HL,3k2m_2_graph.pt,,D:M88A,4
3k2m_3_wt_graph.pt,Y_HL,3k2m_3_graph.pt,,D:R38A,2.5
3k2m_4_wt_graph.pt,Y_HL,3k2m_4_graph.pt,,D:W80A,4
3k2m_5_wt_graph.pt,Y_HL,3k2m_5_graph.pt,,D:Y35A,1
3k2m_6_wt_graph.pt,Y_HL,3k2m_6_graph.pt,,D:Y36A,3.7
3k2m_7_wt_graph.pt,Y_HL,3k2m_7_graph.pt,,D:Y87A,4
3ngb_1_wt_graph.pt,Y_HL,3ngb_1_graph.pt,,H:A56GH:V57TH:P62KH:V73T,1.67
3ngb_2_wt_graph.pt,Y_HL,3ngb_2_graph.pt,,H:C32SH:C98A,0.26
3ngb_3_wt_graph.pt,Y_HL,3ngb_3_graph.pt,,H:I30TH:K52NH:R53NH:G54SH:A56GH:V57TH:R61QH:P62KH:V73TH:Y74SL:Y28S,0.87
3ngb_4_wt_graph.pt,Y_HL,3ngb_4_graph.pt,,H:T33YH:G55SH:A56GH:V57TH:P62KH:V73TH:Y74S,1.91
3ngb_5_wt_graph.pt,Y_HL,3ngb_5_graph.pt,,H:A56G,-0.06
3ngb_6_wt_graph.pt,Y_HL,3ngb_6_graph.pt,,H:G54S,0.73
3ngb_7_wt_graph.pt,Y_HL,3ngb_7_graph.pt,,H:I30T,0.08
3ngb_8_wt_graph.pt,Y_HL,3ngb_8_graph.pt,,H:K52N,0.18
3ngb_9_wt_graph.pt,Y_HL,3ngb_9_graph.pt,,H:P62K,0.23
3ngb_10_wt_graph.pt,Y_HL,3ngb_10_graph.pt,,H:R53N,0.05
3ngb_11_wt_graph.pt,Y_HL,3ngb_11_graph.pt,,H:R61Q,0.1
3ngb_12_wt_graph.pt,Y_HL,3ngb_12_graph.pt,,H:T33Y,0.08
3ngb_13_wt_graph.pt,Y_HL,3ngb_13_graph.pt,,H:V57T,0.14
3ngb_14_wt_graph.pt,Y_HL,3ngb_14_graph.pt,,H:V73T,0.16
3ngb_15_wt_graph.pt,Y_HL,3ngb_15_graph.pt,,H:Y74S,0.33
3nps_1_wt_graph.pt,AB_C,3nps_1_graph.pt,,A:D217A,1.48
3nps_2_wt_graph.pt,AB_C,3nps_2_graph.pt,,A:D60AA,0.34
3nps_3_wt_graph.pt,AB_C,3nps_3_graph.pt,,A:D60BA,1.08
3nps_4_wt_graph.pt,AB_C,3nps_4_graph.pt,,A:D96A,1.52
3nps_5_wt_graph.pt,AB_C,3nps_5_graph.pt,,A:E169A,0.62
3nps_6_wt_graph.pt,AB_C,3nps_6_graph.pt,,A:F60EA,0.22
3nps_7_wt_graph.pt,A_B,3nps_7_graph.pt,,A:F94A,1.61
3nps_8_wt_graph.pt,A_B,3nps_8_graph.pt,,A:F97A,0.47
3nps_9_wt_graph.pt,A_B,3nps_9_graph.pt,,A:H143A,1.89
3nps_10_wt_graph.pt,A_B,3nps_10_graph.pt,,A:I41A,0.65
3nps_11_wt_graph.pt,A_B,3nps_11_graph.pt,,A:I60A,-0.34
3nps_12_wt_graph.pt,A_B,3nps_12_graph.pt,,A:K224A,-0.1
3nps_13_wt_graph.pt,A_B,3nps_13_graph.pt,,A:L153A,0.3
3nps_14_wt_graph.pt,A_B,3nps_14_graph.pt,,A:N95A,0.26
3nps_15_wt_graph.pt,A_B,3nps_15_graph.pt,,A:Q145A,0.3
3nps_16_wt_graph.pt,A_B,3nps_16_graph.pt,,A:Q174A,-0.06
3nps_17_wt_graph.pt,A_B,3nps_17_graph.pt,,A:Q175A,0.75
3nps_18_wt_graph.pt,A_B,3nps_18_graph.pt,,A:Q221AA,-0.04
3nps_19_wt_graph.pt,A_B,3nps_19_graph.pt,,A:Q38A,0.03
3nps_20_wt_graph.pt,A_B,3nps_20_graph.pt,,A:R222A,-0.08
3nps_21_wt_graph.pt,A_B,3nps_21_graph.pt,,A:R60CA,-1.07
3nps_22_wt_graph.pt,A_B,3nps_22_graph.pt,,A:R60FA,0.14
3nps_23_wt_graph.pt,A_B,3nps_23_graph.pt,,A:R87A,-0.15
3nps_24_wt_graph.pt,A_B,3nps_24_graph.pt,,A:T150A,0.18
3nps_25_wt_graph.pt,A_B,3nps_25_graph.pt,,A:T98A,0.73
3nps_26_wt_graph.pt,A_B,3nps_26_graph.pt,,A:Y146A,1.79
3nps_27_wt_graph.pt,A_B,3nps_27_graph.pt,,A:Y60GA,0.46
3wjj_1_wt_graph.pt,A_B,3wjj_1_graph.pt,,A:A327NB:A327N,-0.08
3wjj_2_wt_graph.pt,A_HL,3wjj_2_graph.pt,,A:A327SB:A327S,0.56
3wjj_3_wt_graph.pt,A_HL,3wjj_3_graph.pt,,A:A330IB:A330I,2.32
3wjj_4_wt_graph.pt,A_HL,3wjj_4_graph.pt,,A:A330LB:A330L,0.57
3wjj_5_wt_graph.pt,A_HL,3wjj_5_graph.pt,,A:A330LB:A330LA:I332EB:I332E,-0.42
3wjj_6_wt_graph.pt,A_HL,3wjj_6_graph.pt,,A:A330YB:A330Y,0.17
3wjj_7_wt_graph.pt,A_HL,3wjj_7_graph.pt,,A:A330YB:A330YA:I332EB:I332E,-0.88
3wjj_8_wt_graph.pt,A_HL,3wjj_8_graph.pt,,A:I332DB:I332D,-0.71
3wjj_9_wt_graph.pt,A_HL,3wjj_9_graph.pt,,A:I332EB:I332E,-0.81
3wjj_10_wt_graph.pt,A_HL,3wjj_10_graph.pt,,A:S239DB:S239D,-0.89
3wjj_11_wt_graph.pt,A_HL,3wjj_11_graph.pt,,A:S239DB:S239DA:A330LB:A330LA:I332EB:I332E,-1.2
3wjj_12_wt_graph.pt,A_HL,3wjj_12_graph.pt,,A:S239DB:S239DA:I332EB:I332E,-1.77
3wjj_13_wt_graph.pt,A_HL,3wjj_13_graph.pt,,A:S239DB:S239DA:S298AB:S298AA:I332EB:I332E,-1.08
3wjj_14_wt_graph.pt,A_HL,3wjj_14_graph.pt,,A:S239DB:S239DA:V264IB:V264IA:I332EB:I332E,-1.58
3wjj_15_wt_graph.pt,A_HL,3wjj_15_graph.pt,,A:S239EB:S239EA:I332EB:I332E,-0.74
3wjj_16_wt_graph.pt,A_HL,3wjj_16_graph.pt,,A:S239NB:S239NA:S298AB:S298AA:I332EB:I332E,-0.97
3wjj_17_wt_graph.pt,A_HL,3wjj_17_graph.pt,,A:S239QB:S239QA:I332EB:I332E,-0.92
3wjj_18_wt_graph.pt,A_HL,3wjj_18_graph.pt,,A:V240AB:V240A,1.17
3wjj_19_wt_graph.pt,A_HL,3wjj_19_graph.pt,,A:V240MB:V240M,-0.19
3wjj_20_wt_graph.pt,A_HL,3wjj_20_graph.pt,,A:V264IB:V264IA:A330LB:A330LA:I332EB:I332E,-0.34
3wjj_21_wt_graph.pt,A_HL,3wjj_21_graph.pt,,A:V264IB:V264IA:A330YB:A330YA:I332EB:I332E,-0.75
3wjj_22_wt_graph.pt,A_HL,3wjj_22_graph.pt,,A:V264IB:V264IA:I332EB:I332E,-0.27
3wjj_23_wt_graph.pt,A_HL,3wjj_23_graph.pt,,A:V264YB:V264Y,0.78
3wjj_24_wt_graph.pt,A_HL,3wjj_24_graph.pt,,A:Y296EB:Y296E,-0.06
3wjj_25_wt_graph.pt,A_HL,3wjj_25_graph.pt,,A:Y296QB:Y296Q,0.5
hm_1ktz_1_wt_graph.pt,Y_HL,hm_1ktz_1_graph.pt,,B:D118A,0.8
hm_1ktz_2_wt_graph.pt,Y_HL,hm_1ktz_2_graph.pt,,B:D32A,1.5
hm_1ktz_3_wt_graph.pt,Y_HL,hm_1ktz_3_graph.pt,,B:D32N,2
hm_1ktz_4_wt_graph.pt,Y_HL,hm_1ktz_4_graph.pt,,B:E119A,1.5
hm_1ktz_5_wt_graph.pt,Y_HL,hm_1ktz_5_graph.pt,,B:E119Q,1.6
hm_1ktz_6_wt_graph.pt,Y_HL,hm_1ktz_6_graph.pt,,B:E55A,1.2
hm_1ktz_7_wt_graph.pt,Y_HL,hm_1ktz_7_graph.pt,,B:E75A,1.1
hm_1ktz_8_wt_graph.pt,Y_HL,hm_1ktz_8_graph.pt,,B:F110A,0.9
hm_1ktz_9_wt_graph.pt,Y_HL,hm_1ktz_9_graph.pt,,B:F30A,3
hm_1ktz_10_wt_graph.pt,Y_HL,hm_1ktz_10_graph.pt,,B:H79A,0.3
hm_1ktz_11_wt_graph.pt,Y_HL,hm_1ktz_11_graph.pt,,B:I125A,0.5
hm_1ktz_12_wt_graph.pt,Y_HL,hm_1ktz_12_graph.pt,,B:I50A,1.9
hm_1ktz_13_wt_graph.pt,Y_HL,hm_1ktz_13_graph.pt,,B:I53A,1.4
hm_1ktz_14_wt_graph.pt,Y_HL,hm_1ktz_14_graph.pt,,B:L27A,1.8
hm_1ktz_15_wt_graph.pt,Y_HL,hm_1ktz_15_graph.pt,,B:M112A,0.9
hm_1ktz_16_wt_graph.pt,Y_HL,hm_1ktz_16_graph.pt,,B:N47A,0.3
hm_1ktz_17_wt_graph.pt,Y_HL,hm_1ktz_17_graph.pt,,B:S49A,0.3
hm_1ktz_18_wt_graph.pt,Y_HL,hm_1ktz_18_graph.pt,,B:S52A,0.2
hm_1ktz_19_wt_graph.pt,Y_HL,hm_1ktz_19_graph.pt,,B:S52L,4
hm_1ktz_20_wt_graph.pt,A_D,hm_1ktz_20_graph.pt,,B:T51A,1.5
hm_1ktz_21_wt_graph.pt,A_D,hm_1ktz_21_graph.pt,,B:V62A,0.7
hm_1ktz_22_wt_graph.pt,A_D,hm_1ktz_22_graph.pt,,B:V77A,0.4
hm_1yy9_1_wt_graph.pt,A_D,hm_1yy9_1_graph.pt,,H:A98W,-0.23
hm_1yy9_2_wt_graph.pt,A_D,hm_1yy9_2_graph.pt,,H:G33D,-0.89
hm_1yy9_3_wt_graph.pt,A_D,hm_1yy9_3_graph.pt,,H:I51G,-0.51
hm_1yy9_4_wt_graph.pt,A_D,hm_1yy9_4_graph.pt,,H:R97D,-0.99
hm_1yy9_5_wt_graph.pt,G_HL,hm_1yy9_5_graph.pt,,H:T100Y,-0.45
hm_1yy9_6_wt_graph.pt,G_HL,hm_1yy9_6_graph.pt,,H:T57G,-0.46
hm_1yy9_7_wt_graph.pt,G_HL,hm_1yy9_7_graph.pt,,H:T57P,-0.48
hm_1yy9_8_wt_graph.pt,G_HL,hm_1yy9_8_graph.pt,,H:V50L,-0.6
hm_1yy9_9_wt_graph.pt,G_HL,hm_1yy9_9_graph.pt,,H:V50Q,-0.64
hm_1yy9_10_wt_graph.pt,G_HL,hm_1yy9_10_graph.pt,,H:Y32R,-0.13
hm_1yy9_11_wt_graph.pt,G_HL,hm_1yy9_11_graph.pt,,L:A25V,-0.62
hm_1yy9_12_wt_graph.pt,G_HL,hm_1yy9_12_graph.pt,,L:G30Y,-0.92
hm_1yy9_13_wt_graph.pt,G_HL,hm_1yy9_13_graph.pt,,L:Q27Y,-0.83
hm_1yy9_14_wt_graph.pt,G_HL,hm_1yy9_14_graph.pt,,L:T97C,-0.51
hm_1yy9_15_wt_graph.pt,G_HL,hm_1yy9_15_graph.pt,,L:T97D,-0.66
hm_1yy9_16_wt_graph.pt,G_HL,hm_1yy9_16_graph.pt,,L:T97S,-0.7
hm_2nyy_1_wt_graph.pt,G_HL,hm_2nyy_1_graph.pt,,A:D1062A,-0.14
hm_2nyy_2_wt_graph.pt,G_HL,hm_2nyy_2_graph.pt,,A:D902A,-0.49
hm_2nyy_3_wt_graph.pt,G_HL,hm_2nyy_3_graph.pt,,A:E920A,0.5
hm_2nyy_4_wt_graph.pt,A_BC,hm_2nyy_4_graph.pt,,A:F953A,1.53
hm_2nyy_5_wt_graph.pt,A_BC,hm_2nyy_5_graph.pt,,A:I917A,0.95
hm_2nyy_6_wt_graph.pt,A_BC,hm_2nyy_6_graph.pt,,A:K915A,-0.31
hm_2nyy_7_wt_graph.pt,A_BC,hm_2nyy_7_graph.pt,,A:K955A,-0.5
hm_2nyy_8_wt_graph.pt,A_BC,hm_2nyy_8_graph.pt,,A:L919A,0.41
hm_2nyy_9_wt_graph.pt,A_BC,hm_2nyy_9_graph.pt,,A:N918A,0.3
hm_2nyy_10_wt_graph.pt,A_BC,hm_2nyy_10_graph.pt,,A:N957A,0.01
hm_2nyy_11_wt_graph.pt,A_BC,hm_2nyy_11_graph.pt,,A:P1063A,0.24
hm_2nyy_12_wt_graph.pt,A_BC,hm_2nyy_12_graph.pt,,A:R1061A,0.58
hm_2nyy_13_wt_graph.pt,A_BC,hm_2nyy_13_graph.pt,,A:R1064A,4.44
hm_2nyy_14_wt_graph.pt,A_BC,hm_2nyy_14_graph.pt,,A:R903A,-0.02
hm_2nyy_15_wt_graph.pt,A_BC,hm_2nyy_15_graph.pt,,A:S954A,-0.66
hm_2nyy_16_wt_graph.pt,A_BC,hm_2nyy_16_graph.pt,,A:T923A,0.62
hm_2nyy_17_wt_graph.pt,A_BC,hm_2nyy_17_graph.pt,,H:K30R,0.51
hm_2nyy_18_wt_graph.pt,A_BC,hm_2nyy_18_graph.pt,,H:M34Q,-0.01
hm_2nyy_19_wt_graph.pt,A_BC,hm_2nyy_19_graph.pt,,H:Y31D,0.97
hm_2nyy_20_wt_graph.pt,A_BC,hm_2nyy_20_graph.pt,,H:Y31Q,1.33
hm_2nyy_21_wt_graph.pt,A_BC,hm_2nyy_21_graph.pt,,H:Y57Q,1.19
hm_2nyy_22_wt_graph.pt,A_BC,hm_2nyy_22_graph.pt,,L:D30Y,0.6
hm_2nyy_23_wt_graph.pt,A_BC,hm_2nyy_23_graph.pt,,L:H34R,0.63
hm_2nyy_24_wt_graph.pt,A_BC,hm_2nyy_24_graph.pt,,L:S28Q,0.7
hm_2nyy_25_wt_graph.pt,A_BC,hm_2nyy_25_graph.pt,,L:S31N,1.2
hm_2nz9_1_wt_graph.pt,A_BC,hm_2nz9_1_graph.pt,,A:D1062A,-0.14
hm_2nz9_2_wt_graph.pt,A_BC,hm_2nz9_2_graph.pt,,A:D902A,-0.49
hm_2nz9_3_wt_graph.pt,A_BC,hm_2nz9_3_graph.pt,,A:E920A,0.5
hm_2nz9_4_wt_graph.pt,A_BC,hm_2nz9_4_graph.pt,,A:F953A,1.53
hm_2nz9_5_wt_graph.pt,A_BC,hm_2nz9_5_graph.pt,,A:I917A,0.95
hm_2nz9_6_wt_graph.pt,AB_C,hm_2nz9_6_graph.pt,,A:K915A,-0.31
hm_2nz9_7_wt_graph.pt,AB_C,hm_2nz9_7_graph.pt,,A:K955A,-0.5
hm_2nz9_8_wt_graph.pt,AB_C,hm_2nz9_8_graph.pt,,A:L919A,0.41
hm_2nz9_9_wt_graph.pt,AB_C,hm_2nz9_9_graph.pt,,A:N918A,0.3
hm_2nz9_10_wt_graph.pt,AB_C,hm_2nz9_10_graph.pt,,A:N957A,0.01
hm_2nz9_11_wt_graph.pt,AB_C,hm_2nz9_11_graph.pt,,A:P1063A,0.24
hm_2nz9_12_wt_graph.pt,AB_C,hm_2nz9_12_graph.pt,,A:R1061A,0.58
hm_2nz9_13_wt_graph.pt,AB_C,hm_2nz9_13_graph.pt,,A:R1064A,4.44
hm_2nz9_14_wt_graph.pt,AB_C,hm_2nz9_14_graph.pt,,A:R903A,-0.02
hm_2nz9_15_wt_graph.pt,AB_C,hm_2nz9_15_graph.pt,,A:S954A,-0.66
hm_2nz9_16_wt_graph.pt,AB_C,hm_2nz9_16_graph.pt,,A:T923A,0.62
hm_3bn9_1_wt_graph.pt,AB_C,hm_3bn9_1_graph.pt,,H:P100H,1.36
hm_3bn9_2_wt_graph.pt,AB_C,hm_3bn9_2_graph.pt,,H:Q100AV,0.41
hm_3bn9_3_wt_graph.pt,AB_C,hm_3bn9_3_graph.pt,,H:S30G,0.71
hm_3bn9_4_wt_graph.pt,AB_C,hm_3bn9_4_graph.pt,,H:S30N,0.71
hm_3bn9_5_wt_graph.pt,AB_C,hm_3bn9_5_graph.pt,,H:T28R,-0.24
hm_3bn9_6_wt_graph.pt,AB_C,hm_3bn9_6_graph.pt,,H:T98Q,-0.16
hm_3bn9_7_wt_graph.pt,AB_C,hm_3bn9_7_graph.pt,,H:T98R,-1.57
hm_3bn9_8_wt_graph.pt,AB_C,hm_3bn9_8_graph.pt,,H:Y99S,0.54
