wild_pt,Partners,mutant_pt,Mutation,ddG
1a22_1_wt_graph.pt,A_B,1a22_1_graph.pt,A:C171A,1.01037276
1a22_4_wt_graph.pt,A_B,1a22_4_graph.pt,A:D160A,0.79092403
1a22_7_wt_graph.pt,A_B,1a22_7_graph.pt,A:E163A,-0.924608854
1a22_8_wt_graph.pt,A_B,1a22_8_graph.pt,A:E56A,0.410656422
1a22_9_wt_graph.pt,A_B,1a22_9_graph.pt,A:E65A,-0.473077469
1a22_14_wt_graph.pt,A_B,1a22_14_graph.pt,A:F165A,0.410656422
1a22_15_wt_graph.pt,A_B,1a22_15_graph.pt,A:F25A,-0.447314628
1a22_16_wt_graph.pt,A_B,1a22_16_graph.pt,A:H18A,-0.486391557
1a22_17_wt_graph.pt,A_B,1a22_17_graph.pt,A:H21A,0.155438229
1a22_18_wt_graph.pt,A_B,1a22_18_graph.pt,A:I168A,0.806313259
1a22_22_wt_graph.pt,A_B,1a22_22_graph.pt,A:K157A,-0.154846073
1a22_23_wt_graph.pt,A_B,1a22_23_graph.pt,A:K161A,2.015046136
1a22_26_wt_graph.pt,A_B,1a22_26_graph.pt,A:L45A,1.224516942
1a22_27_wt_graph.pt,A_B,1a22_27_graph.pt,A:N63A,0.31437176
1a22_29_wt_graph.pt,A_B,1a22_29_graph.pt,A:P48A,0.410656422
1a22_30_wt_graph.pt,A_B,1a22_30_graph.pt,A:P61A,1.209325033
1a22_32_wt_graph.pt,A_B,1a22_32_graph.pt,A:Q22A,-0.219837414
1a22_33_wt_graph.pt,A_B,1a22_33_graph.pt,A:Q46A,0.108016768
1a22_34_wt_graph.pt,A_B,1a22_34_graph.pt,A:Q68A,0.588453983
1a22_37_wt_graph.pt,A_B,1a22_37_graph.pt,A:R156A,0.278454583
1a22_38_wt_graph.pt,A_B,1a22_38_graph.pt,A:R167A,2.425702558
1a22_39_wt_graph.pt,A_B,1a22_39_graph.pt,A:R64A,1.642625689
1a22_45_wt_graph.pt,A_B,1a22_45_graph.pt,A:S51A,0.348235376
1a22_46_wt_graph.pt,A_B,1a22_46_graph.pt,A:S62A,0.155438229
1a22_51_wt_graph.pt,A_B,1a22_51_graph.pt,A:T164A,1.907029368
1a22_57_wt_graph.pt,A_B,1a22_57_graph.pt,A:Y153A,0.348235376
1a22_58_wt_graph.pt,A_B,1a22_58_graph.pt,A:Y42A,0.199343644
1a22_2_wt_graph.pt,A_B,1a22_2_graph.pt,B:C67A,0.0
1a22_3_wt_graph.pt,A_B,1a22_3_graph.pt,B:C81A,0.0
1a22_5_wt_graph.pt,A_B,1a22_5_graph.pt,B:D119A,1.486533659
1a22_6_wt_graph.pt,A_B,1a22_6_graph.pt,B:D85A,0.993924797
1a22_10_wt_graph.pt,A_B,1a22_10_graph.pt,B:E12A,1.692721881
1a22_11_wt_graph.pt,A_B,1a22_11_graph.pt,B:E34A,-0.094238194
1a22_12_wt_graph.pt,A_B,1a22_12_graph.pt,B:E79A,-0.18216992
1a22_13_wt_graph.pt,A_B,1a22_13_graph.pt,B:E86A,0.970688408
1a22_19_wt_graph.pt,A_B,1a22_19_graph.pt,B:I120A,2.130757194
1a22_20_wt_graph.pt,A_B,1a22_20_graph.pt,B:I62A,1.607864515
1a22_21_wt_graph.pt,A_B,1a22_21_graph.pt,B:I64A,1.941550898
1a22_24_wt_graph.pt,A_B,1a22_24_graph.pt,B:K122A,-0.017686447
1a22_25_wt_graph.pt,A_B,1a22_25_graph.pt,B:K80A,0.081285077
1a22_28_wt_graph.pt,A_B,1a22_28_graph.pt,B:N173A,0.295628306
1a22_31_wt_graph.pt,A_B,1a22_31_graph.pt,B:P65A,3.305722004
1a22_35_wt_graph.pt,A_B,1a22_35_graph.pt,B:Q121A,0.017173724
1a22_36_wt_graph.pt,A_B,1a22_36_graph.pt,B:Q33A,0.0
1a22_40_wt_graph.pt,A_B,1a22_40_graph.pt,B:R11A,2.11624744
1a22_41_wt_graph.pt,A_B,1a22_41_graph.pt,B:R11L,0.521570272
1a22_42_wt_graph.pt,A_B,1a22_42_graph.pt,B:R11M,1.000399746
1a22_43_wt_graph.pt,A_B,1a22_43_graph.pt,B:R172A,0.274082223
1a22_44_wt_graph.pt,A_B,1a22_44_graph.pt,B:R30A,0.535846914
1a22_47_wt_graph.pt,A_B,1a22_47_graph.pt,B:S174A,0.033863616
1a22_48_wt_graph.pt,A_B,1a22_48_graph.pt,B:S57A,-0.054726757
1a22_49_wt_graph.pt,A_B,1a22_49_graph.pt,B:S61A,-0.18216992
1a22_50_wt_graph.pt,A_B,1a22_50_graph.pt,B:S83A,0.274082223
1a22_52_wt_graph.pt,A_B,1a22_52_graph.pt,B:T32A,0.110913849
1a22_53_wt_graph.pt,A_B,1a22_53_graph.pt,B:T60A,1.761612438
1a22_54_wt_graph.pt,A_B,1a22_54_graph.pt,B:V126A,-0.617011414
1a22_55_wt_graph.pt,A_B,1a22_55_graph.pt,B:W35A,0.514300831
1a22_56_wt_graph.pt,A_B,1a22_56_graph.pt,B:W63F,2.784808917
1a4y_1_wt_graph.pt,A_B,1a4y_1_graph.pt,A:D435A,3.485543704
1a4y_2_wt_graph.pt,A_B,1a4y_2_graph.pt,A:E344A,0.178609696
1a4y_3_wt_graph.pt,A_B,1a4y_3_graph.pt,A:E401A,0.883733891
1a4y_4_wt_graph.pt,A_B,1a4y_4_graph.pt,B:E108A,-0.322724696
1a4y_5_wt_graph.pt,A_B,1a4y_5_graph.pt,B:H114A,0.656829371
1a4y_6_wt_graph.pt,A_B,1a4y_6_graph.pt,B:H13A,-0.296685313
1a4y_7_wt_graph.pt,A_B,1a4y_7_graph.pt,B:H84A,0.170437815
1a4y_8_wt_graph.pt,A_B,1a4y_8_graph.pt,B:H8A,0.904115084
1a4y_9_wt_graph.pt,A_B,1a4y_9_graph.pt,A:I459A,0.679432461
1a4y_10_wt_graph.pt,A_B,1a4y_10_graph.pt,A:K320A,-0.309999401
1a4y_11_wt_graph.pt,A_B,1a4y_11_graph.pt,B:K40G,3.23680046
1a4y_12_wt_graph.pt,A_B,1a4y_12_graph.pt,B:K40Q,4.25242773
1a4y_13_wt_graph.pt,A_B,1a4y_13_graph.pt,B:N68A,0.117809586
1a4y_14_wt_graph.pt,A_B,1a4y_14_graph.pt,B:Q12A,0.300265094
1a4y_15_wt_graph.pt,A_B,1a4y_15_graph.pt,B:R31A,0.25052238
1a4y_16_wt_graph.pt,A_B,1a4y_16_graph.pt,B:R32A,0.910250798
1a4y_17_wt_graph.pt,A_B,1a4y_17_graph.pt,B:R5A,2.309282075
1a4y_18_wt_graph.pt,A_B,1a4y_18_graph.pt,A:S289A,0.042336005
1a4y_19_wt_graph.pt,A_B,1a4y_19_graph.pt,A:W261A,0.100657021
1a4y_20_wt_graph.pt,A_B,1a4y_20_graph.pt,A:W263A,1.171373959
1a4y_21_wt_graph.pt,A_B,1a4y_21_graph.pt,A:W318A,1.500745305
1a4y_22_wt_graph.pt,A_B,1a4y_22_graph.pt,A:W375A,1.035362126
1a4y_23_wt_graph.pt,A_B,1a4y_23_graph.pt,B:W89A,0.240218608
1a4y_24_wt_graph.pt,A_B,1a4y_24_graph.pt,A:Y434A,3.262014988
1a4y_25_wt_graph.pt,A_B,1a4y_25_graph.pt,A:Y434F,0.557857847
1a4y_26_wt_graph.pt,A_B,1a4y_26_graph.pt,A:Y437A,0.83631243
1a4y_27_wt_graph.pt,A_B,1a4y_27_graph.pt,A:Y437F,0.245260783
1acb_1_wt_graph.pt,E_I,1acb_1_graph.pt,I:L38D,6.866745711
1acb_2_wt_graph.pt,E_I,1acb_2_graph.pt,I:L38E,6.646428125
1acb_3_wt_graph.pt,E_I,1acb_3_graph.pt,I:L38G,6.118068856
1acb_4_wt_graph.pt,E_I,1acb_4_graph.pt,I:L38I,4.290150426
1acb_5_wt_graph.pt,E_I,1acb_5_graph.pt,I:L38P,6.949067779
1acb_6_wt_graph.pt,E_I,1acb_6_graph.pt,I:L38S,5.020848049
1ak4_1_wt_graph.pt,A_D,1ak4_1_graph.pt,D:A88G,4.01901808
1ak4_2_wt_graph.pt,A_D,1ak4_2_graph.pt,D:A88V,2.133933887
1ak4_3_wt_graph.pt,A_D,1ak4_3_graph.pt,D:A92G,1.945265343
1ak4_4_wt_graph.pt,A_D,1ak4_4_graph.pt,D:A92V,1.723277465
1ak4_5_wt_graph.pt,A_D,1ak4_5_graph.pt,D:G89A,3.441638288
1ak4_6_wt_graph.pt,A_D,1ak4_6_graph.pt,D:G89V,4.395152972
1ak4_7_wt_graph.pt,A_D,1ak4_7_graph.pt,D:H87A,2.374152495
1ak4_8_wt_graph.pt,A_D,1ak4_8_graph.pt,D:H87Q,2.337112186
1ak4_9_wt_graph.pt,A_D,1ak4_9_graph.pt,D:H87R,3.009874474
1ak4_10_wt_graph.pt,A_D,1ak4_10_graph.pt,D:I91A,1.604389714
1ak4_11_wt_graph.pt,A_D,1ak4_11_graph.pt,D:I91V,1.364171106
1ak4_12_wt_graph.pt,A_D,1ak4_12_graph.pt,D:P85A,2.44988763
1ak4_13_wt_graph.pt,A_D,1ak4_13_graph.pt,D:P90A,3.537181922
1ak4_14_wt_graph.pt,A_D,1ak4_14_graph.pt,D:P93A,2.047078368
1ak4_15_wt_graph.pt,A_D,1ak4_15_graph.pt,D:V86A,2.355921765
1b2s_1_wt_graph.pt,A_D,1b2s_1_graph.pt,A:A27K,-3.866295302
1b2s_2_wt_graph.pt,A_D,1b2s_2_graph.pt,D:A43T,-4.168248453
1b2u_1_wt_graph.pt,A_D,1b2u_1_graph.pt,A:A27K,-5.046028002
1b2u_2_wt_graph.pt,A_D,1b2u_2_graph.pt,D:A36D,-4.168248453
1b3s_1_wt_graph.pt,A_D,1b3s_1_graph.pt,A:A102H,-5.681903446
1b3s_2_wt_graph.pt,A_D,1b3s_2_graph.pt,D:F30Y,0.596093822
1brs_1_wt_graph.pt,A_D,1brs_1_graph.pt,D:D35A,4.50316974
1brs_2_wt_graph.pt,A_D,1brs_2_graph.pt,D:D39A,7.650989163
1brs_3_wt_graph.pt,A_D,1brs_3_graph.pt,A:E58A,-0.325876043
1brs_4_wt_graph.pt,A_D,1brs_4_graph.pt,A:E71A,2.347719026
1brs_5_wt_graph.pt,A_D,1brs_5_graph.pt,A:E71C,2.52876154
1brs_6_wt_graph.pt,A_D,1brs_6_graph.pt,A:E71F,2.235179702
1brs_7_wt_graph.pt,A_D,1brs_7_graph.pt,A:E71Q,1.452102833
1brs_8_wt_graph.pt,A_D,1brs_8_graph.pt,A:E71S,3.010488096
1brs_9_wt_graph.pt,A_D,1brs_9_graph.pt,A:E71W,1.657254876
1brs_10_wt_graph.pt,A_D,1brs_10_graph.pt,A:E71Y,2.413733424
1brs_11_wt_graph.pt,A_D,1brs_11_graph.pt,D:E74A,1.364171106
1brs_12_wt_graph.pt,A_D,1brs_12_graph.pt,A:H100A,6.145795429
1brs_13_wt_graph.pt,A_D,1brs_13_graph.pt,A:H100D,4.550591201
1brs_14_wt_graph.pt,A_D,1brs_14_graph.pt,A:H100G,6.82085553
1brs_15_wt_graph.pt,A_D,1brs_15_graph.pt,A:H100L,7.666353446
1brs_16_wt_graph.pt,A_D,1brs_16_graph.pt,A:H100Q,4.550591201
1brs_17_wt_graph.pt,A_D,1brs_17_graph.pt,A:K25A,5.38094929
1brs_18_wt_graph.pt,A_D,1brs_18_graph.pt,A:N56A,3.066362645
1brs_19_wt_graph.pt,A_D,1brs_19_graph.pt,A:R57A,5.245371646
1brs_20_wt_graph.pt,A_D,1brs_20_graph.pt,A:R57K,2.488123605
1brs_21_wt_graph.pt,A_D,1brs_21_graph.pt,A:R81Q,5.420026219
1brs_22_wt_graph.pt,A_D,1brs_22_graph.pt,A:R85A,5.564701192
1brs_23_wt_graph.pt,A_D,1brs_23_graph.pt,D:T42A,1.857629768
1brs_24_wt_graph.pt,A_D,1brs_24_graph.pt,A:W33F,1.408076521
1brs_25_wt_graph.pt,A_D,1brs_25_graph.pt,D:W38F,1.642625689
1brs_26_wt_graph.pt,A_D,1brs_26_graph.pt,D:W44F,0.056466705
1brs_27_wt_graph.pt,A_D,1brs_27_graph.pt,D:Y29A,3.470544118
1brs_28_wt_graph.pt,A_D,1brs_28_graph.pt,D:Y29F,-0.13220184
1cse_1_wt_graph.pt,E_I,1cse_1_graph.pt,I:L38D,4.411842864
1cse_2_wt_graph.pt,E_I,1cse_2_graph.pt,I:L38E,2.382745825
1cse_3_wt_graph.pt,E_I,1cse_3_graph.pt,I:L38G,2.280577222
1cse_4_wt_graph.pt,E_I,1cse_4_graph.pt,I:L38I,2.98250151
1cse_5_wt_graph.pt,E_I,1cse_5_graph.pt,I:L38P,6.765445832
1cse_6_wt_graph.pt,E_I,1cse_6_graph.pt,I:L38S,1.188775505
1cso_1_wt_graph.pt,E_I,1cso_1_graph.pt,I:I13L,-4.481255789
1ct0_1_wt_graph.pt,E_I,1ct0_1_graph.pt,I:S13L,-4.158234941
1ct2_1_wt_graph.pt,E_I,1ct2_1_graph.pt,I:T13L,-3.204720258
1ct4_1_wt_graph.pt,E_I,1ct4_1_graph.pt,I:V13L,-3.040177536
1e96_1_wt_graph.pt,A_B,1e96_1_graph.pt,A:I33N,2.043041201
1e96_2_wt_graph.pt,A_B,1e96_2_graph.pt,A:N26H,1.104526103
1eaw_1_wt_graph.pt,A_B,1eaw_1_graph.pt,A:D47A,1.502775331
1eaw_2_wt_graph.pt,A_B,1eaw_2_graph.pt,A:D91A,0.654440449
1eaw_3_wt_graph.pt,A_B,1eaw_3_graph.pt,A:F50A,-0.428812654
1eaw_4_wt_graph.pt,A_B,1eaw_4_graph.pt,A:F92A,0.892020068
1eaw_5_wt_graph.pt,A_B,1eaw_5_graph.pt,A:H138A,-0.014480199
1eaw_6_wt_graph.pt,A_B,1eaw_6_graph.pt,A:I26A,-0.822506101
1eaw_7_wt_graph.pt,A_B,1eaw_7_graph.pt,A:Q23A,-0.518911649
1eaw_8_wt_graph.pt,A_B,1eaw_8_graph.pt,A:R48A,0.587614534
1eaw_9_wt_graph.pt,A_B,1eaw_9_graph.pt,A:Y141A,0.502153568
1eaw_10_wt_graph.pt,A_B,1eaw_10_graph.pt,A:Y52A,-0.078940669
1efn_1_wt_graph.pt,A_B,1efn_1_graph.pt,A:I12A,1.451026625
1efn_2_wt_graph.pt,A_B,1efn_2_graph.pt,A:T13H,1.243548501
1emv_1_wt_graph.pt,A_B,1emv_1_graph.pt,A:C21A,0.921969866
1emv_2_wt_graph.pt,A_B,1emv_2_graph.pt,A:D49A,5.918128521
1emv_3_wt_graph.pt,A_B,1emv_3_graph.pt,A:E28A,1.416634742
1emv_4_wt_graph.pt,A_B,1emv_4_graph.pt,A:E39A,2.08401368
1emv_5_wt_graph.pt,A_B,1emv_5_graph.pt,B:F86A,3.880681073
1emv_6_wt_graph.pt,A_B,1emv_6_graph.pt,A:G47A,1.486043509
1emv_7_wt_graph.pt,A_B,1emv_7_graph.pt,A:I51A,0.848125202
1emv_8_wt_graph.pt,A_B,1emv_8_graph.pt,B:K97A,1.96051476
1emv_9_wt_graph.pt,A_B,1emv_9_graph.pt,A:L31A,3.419278956
1emv_10_wt_graph.pt,A_B,1emv_10_graph.pt,A:N22A,0.13947128
1emv_11_wt_graph.pt,A_B,1emv_11_graph.pt,B:N72A,1.165190818
1emv_12_wt_graph.pt,A_B,1emv_12_graph.pt,B:N75A,2.335586003
1emv_13_wt_graph.pt,A_B,1emv_13_graph.pt,A:P45A,0.43746878
1emv_14_wt_graph.pt,A_B,1emv_14_graph.pt,A:P54A,1.24284025
1emv_15_wt_graph.pt,A_B,1emv_15_graph.pt,B:Q92A,-0.277728093
1emv_16_wt_graph.pt,A_B,1emv_16_graph.pt,B:R54A,1.666447181
1emv_17_wt_graph.pt,A_B,1emv_17_graph.pt,A:S26A,0.173174318
1emv_18_wt_graph.pt,A_B,1emv_18_graph.pt,A:S27A,0.956433173
1emv_19_wt_graph.pt,A_B,1emv_19_graph.pt,A:S46A,0.007269441
1emv_20_wt_graph.pt,A_B,1emv_20_graph.pt,A:S48A,2.188220454
1emv_21_wt_graph.pt,A_B,1emv_21_graph.pt,B:S74A,-0.241127974
1emv_22_wt_graph.pt,A_B,1emv_22_graph.pt,B:S77A,-0.232993494
1emv_23_wt_graph.pt,A_B,1emv_23_graph.pt,B:S78A,-0.540138508
1emv_24_wt_graph.pt,A_B,1emv_24_graph.pt,B:S84A,-0.109472425
1emv_25_wt_graph.pt,A_B,1emv_25_graph.pt,A:T25A,0.728460209
1emv_26_wt_graph.pt,A_B,1emv_26_graph.pt,A:T36A,0.899966467
1emv_27_wt_graph.pt,A_B,1emv_27_graph.pt,B:T87A,0.158505768
1emv_28_wt_graph.pt,A_B,1emv_28_graph.pt,A:V32A,2.579450481
1emv_29_wt_graph.pt,A_B,1emv_29_graph.pt,A:V35A,1.66461242
1emv_30_wt_graph.pt,A_B,1emv_30_graph.pt,B:V98A,1.089340094
1emv_31_wt_graph.pt,A_B,1emv_31_graph.pt,A:Y52A,4.836801325
1emv_32_wt_graph.pt,A_B,1emv_32_graph.pt,A:Y53A,4.636832621
1f47_1_wt_graph.pt,A_B,1f47_1_graph.pt,A:D4A,0.691506136
1f47_2_wt_graph.pt,A_B,1f47_2_graph.pt,A:D7A,1.733658617
1f47_3_wt_graph.pt,A_B,1f47_3_graph.pt,A:D7G,1.139341727
1f47_4_wt_graph.pt,A_B,1f47_4_graph.pt,A:D7S,2.064861345
1f47_5_wt_graph.pt,A_B,1f47_5_graph.pt,A:F11A,2.445482762
1f47_6_wt_graph.pt,A_B,1f47_6_graph.pt,A:I8A,2.516245249
1f47_7_wt_graph.pt,A_B,1f47_7_graph.pt,A:L12A,2.295326458
1f47_8_wt_graph.pt,A_B,1f47_8_graph.pt,A:L6A,0.925431133
1f47_9_wt_graph.pt,A_B,1f47_9_graph.pt,A:Q15A,-0.045595721
1f47_10_wt_graph.pt,A_B,1f47_10_graph.pt,A:Y5A,0.869366929
1fc2_1_wt_graph.pt,C_D,1fc2_1_graph.pt,C:I27A,5.276767176
1fc2_2_wt_graph.pt,C_D,1fc2_2_graph.pt,C:K31A,1.526620683
1fc2_3_wt_graph.pt,C_D,1fc2_3_graph.pt,C:L13D,1.433951899
1fc2_4_wt_graph.pt,C_D,1fc2_4_graph.pt,C:N24A,0.605702337
1fc2_5_wt_graph.pt,C_D,1fc2_5_graph.pt,C:Y10W,0.410656422
1fcc_1_wt_graph.pt,A_C,1fcc_1_graph.pt,C:D40A,0.27225084
1fcc_2_wt_graph.pt,A_C,1fcc_2_graph.pt,C:E42A,0.385441894
1fcc_3_wt_graph.pt,A_C,1fcc_3_graph.pt,C:K28A,1.256154338
1fcc_4_wt_graph.pt,A_C,1fcc_4_graph.pt,C:K31A,3.477555466
1fcc_5_wt_graph.pt,A_C,1fcc_5_graph.pt,C:N35A,2.365107251
1fcc_6_wt_graph.pt,A_C,1fcc_6_graph.pt,C:T25A,0.240218608
1fcc_7_wt_graph.pt,A_C,1fcc_7_graph.pt,C:W43A,3.773183772
1ffw_1_wt_graph.pt,A_B,1ffw_1_graph.pt,A:A89V,0.091326876
1ffw_2_wt_graph.pt,A_B,1ffw_2_graph.pt,B:C55A,0.20430143
1ffw_3_wt_graph.pt,A_B,1ffw_3_graph.pt,B:D49A,0.096284662
1ffw_4_wt_graph.pt,A_B,1ffw_4_graph.pt,B:E13A,0.716770878
1ffw_5_wt_graph.pt,A_B,1ffw_5_graph.pt,B:E20A,0.639142924
1ffw_6_wt_graph.pt,A_B,1ffw_6_graph.pt,B:F56A,3.645939719
1ffw_7_wt_graph.pt,A_B,1ffw_7_graph.pt,B:H23A,0.033863616
1ffw_8_wt_graph.pt,A_B,1ffw_8_graph.pt,B:I58A,0.427830146
1ffw_9_wt_graph.pt,A_B,1ffw_9_graph.pt,A:Y105W,0.713296076
1gc1_1_wt_graph.pt,G_C,1gc1_1_graph.pt,C:D63A,-0.319329546
1gc1_2_wt_graph.pt,G_C,1gc1_2_graph.pt,C:E85A,1.323296143
1gc1_3_wt_graph.pt,G_C,1gc1_3_graph.pt,C:H27A,0.282554613
1gc1_4_wt_graph.pt,G_C,1gc1_4_graph.pt,C:K29A,0.536238618
1gc1_5_wt_graph.pt,G_C,1gc1_5_graph.pt,C:K35A,0.32206605
1gc1_6_wt_graph.pt,G_C,1gc1_6_graph.pt,C:K46A,1.431018963
1gc1_7_wt_graph.pt,G_C,1gc1_7_graph.pt,C:L44A,1.056020231
1gc1_8_wt_graph.pt,G_C,1gc1_8_graph.pt,C:N32A,0.182653752
1gc1_9_wt_graph.pt,G_C,1gc1_9_graph.pt,C:N52A,0.70833829
1gc1_10_wt_graph.pt,G_C,1gc1_10_graph.pt,C:Q25A,0.032032232
1gc1_11_wt_graph.pt,G_C,1gc1_11_graph.pt,C:Q33A,0.105267566
1gc1_12_wt_graph.pt,G_C,1gc1_12_graph.pt,C:Q40A,-0.410656422
1gc1_13_wt_graph.pt,G_C,1gc1_13_graph.pt,C:Q64A,0.442688655
1gc1_14_wt_graph.pt,G_C,1gc1_14_graph.pt,C:R59A,1.175913844
1gc1_15_wt_graph.pt,G_C,1gc1_15_graph.pt,C:S23A,0.292682244
1gc1_16_wt_graph.pt,G_C,1gc1_16_graph.pt,C:S42A,0.0
1gc1_17_wt_graph.pt,G_C,1gc1_17_graph.pt,C:S60A,-0.088590372
1gc1_18_wt_graph.pt,G_C,1gc1_18_graph.pt,C:T45A,-0.148891732
1gl0_1_wt_graph.pt,E_I,1gl0_1_graph.pt,I:M28K,-0.569589953
1gl1_1_wt_graph.pt,A_I,1gl1_1_graph.pt,I:L29V,4.259236688
1h9d_1_wt_graph.pt,A_B,1h9d_1_graph.pt,B:G60A,2.077467182
1h9d_2_wt_graph.pt,A_B,1h9d_2_graph.pt,B:L93A,0.940200596
1h9d_3_wt_graph.pt,A_B,1h9d_3_graph.pt,B:N94A,2.304371702
1h9d_4_wt_graph.pt,A_B,1h9d_4_graph.pt,B:Q66A,1.364171106
1h9d_5_wt_graph.pt,A_B,1h9d_5_graph.pt,B:R2A,1.162188473
1h9d_6_wt_graph.pt,A_B,1h9d_6_graph.pt,B:V3A,1.402407081
1he8_1_wt_graph.pt,A_B,1he8_1_graph.pt,A:K80V,0.475351759
1iar_1_wt_graph.pt,A_B,1iar_1_graph.pt,A:E9Q,3.112829308
1iar_2_wt_graph.pt,A_B,1iar_2_graph.pt,A:F82A,-0.086470685
1iar_3_wt_graph.pt,A_B,1iar_3_graph.pt,A:F82D,-0.580606822
1iar_4_wt_graph.pt,A_B,1iar_4_graph.pt,A:I5A,1.171373959
1iar_5_wt_graph.pt,A_B,1iar_5_graph.pt,A:I5R,0.796098316
1iar_6_wt_graph.pt,A_B,1iar_6_graph.pt,A:K12E,0.13947128
1iar_7_wt_graph.pt,A_B,1iar_7_graph.pt,A:K12S,-0.014812071
1iar_8_wt_graph.pt,A_B,1iar_8_graph.pt,A:N89A,1.558793992
1iar_9_wt_graph.pt,A_B,1iar_9_graph.pt,A:Q78A,0.124842093
1iar_10_wt_graph.pt,A_B,1iar_10_graph.pt,A:Q78E,0.245074799
1iar_11_wt_graph.pt,A_B,1iar_11_graph.pt,A:Q8A,-0.022359332
1iar_12_wt_graph.pt,A_B,1iar_12_graph.pt,A:Q8R,0.038921287
1iar_13_wt_graph.pt,A_B,1iar_13_graph.pt,A:R53Q,0.835763609
1iar_14_wt_graph.pt,A_B,1iar_14_graph.pt,A:R81A,0.479623966
1iar_15_wt_graph.pt,A_B,1iar_15_graph.pt,A:R81E,1.461734376
1iar_16_wt_graph.pt,A_B,1iar_16_graph.pt,A:R85A,0.426888999
1iar_17_wt_graph.pt,A_B,1iar_17_graph.pt,A:R85E,1.22460952
1iar_18_wt_graph.pt,A_B,1iar_18_graph.pt,A:R88A,3.754717895
1iar_19_wt_graph.pt,A_B,1iar_19_graph.pt,A:R88Q,2.828999234
1iar_20_wt_graph.pt,A_B,1iar_20_graph.pt,A:T13A,0.978576813
1iar_21_wt_graph.pt,A_B,1iar_21_graph.pt,A:T13D,-0.218672525
1iar_22_wt_graph.pt,A_B,1iar_22_graph.pt,A:T6A,-0.103644409
1iar_23_wt_graph.pt,A_B,1iar_23_graph.pt,A:T6D,1.392728537
1iar_24_wt_graph.pt,A_B,1iar_24_graph.pt,A:W91A,0.729528653
1iar_25_wt_graph.pt,A_B,1iar_25_graph.pt,A:W91D,1.306606251
1jck_1_wt_graph.pt,A_B,1jck_1_graph.pt,B:F176A,2.133933887
1jck_2_wt_graph.pt,A_B,1jck_2_graph.pt,B:K103A,0.676637871
1jck_3_wt_graph.pt,A_B,1jck_3_graph.pt,B:N60A,1.642625689
1jck_4_wt_graph.pt,A_B,1jck_4_graph.pt,B:T20A,1.654841626
1jck_5_wt_graph.pt,A_B,1jck_5_graph.pt,B:V91A,2.232905411
1jck_6_wt_graph.pt,A_B,1jck_6_graph.pt,B:Y26A,1.774827528
1jck_7_wt_graph.pt,A_B,1jck_7_graph.pt,B:Y90A,2.596140373
1jtg_1_wt_graph.pt,A_B,1jtg_1_graph.pt,B:D163A,-1.340934717
1jtg_2_wt_graph.pt,A_B,1jtg_2_graph.pt,B:D163K,-1.982764502
1jtg_3_wt_graph.pt,A_B,1jtg_3_graph.pt,B:D49A,2.561484179
1jtg_4_wt_graph.pt,A_B,1jtg_4_graph.pt,A:E143A,-0.07258199
1jtg_5_wt_graph.pt,A_B,1jtg_5_graph.pt,A:E79A,1.552952553
1jtg_6_wt_graph.pt,A_B,1jtg_6_graph.pt,A:E79K,4.235390257
1jtg_7_wt_graph.pt,A_B,1jtg_7_graph.pt,A:E85A,4.061928361
1jtg_8_wt_graph.pt,A_B,1jtg_8_graph.pt,B:F142A,3.379217242
1jtg_9_wt_graph.pt,A_B,1jtg_9_graph.pt,B:F36A,3.201419681
1jtg_10_wt_graph.pt,A_B,1jtg_10_graph.pt,A:G212S,-1.631950589
1jtg_11_wt_graph.pt,A_B,1jtg_11_graph.pt,B:H148A,2.747888793
1jtg_12_wt_graph.pt,A_B,1jtg_12_graph.pt,B:H41A,3.249700391
1jtg_13_wt_graph.pt,A_B,1jtg_13_graph.pt,A:K208A,1.417237223
1jtg_14_wt_graph.pt,A_B,1jtg_14_graph.pt,B:K74A,3.559508955
1jtg_15_wt_graph.pt,A_B,1jtg_15_graph.pt,A:M104A,0.738821032
1jtg_16_wt_graph.pt,A_B,1jtg_16_graph.pt,A:N75A,-0.455805179
1jtg_17_wt_graph.pt,A_B,1jtg_17_graph.pt,A:P82A,-0.382756906
1jtg_18_wt_graph.pt,A_B,1jtg_18_graph.pt,A:Q74A,0.429601834
1jtg_19_wt_graph.pt,A_B,1jtg_19_graph.pt,A:R217A,1.339371289
1jtg_20_wt_graph.pt,A_B,1jtg_20_graph.pt,B:R160A,2.222204255
1jtg_21_wt_graph.pt,A_B,1jtg_21_graph.pt,A:S105A,0.791973143
1jtg_22_wt_graph.pt,A_B,1jtg_22_graph.pt,A:S209A,1.239082656
1jtg_23_wt_graph.pt,A_B,1jtg_23_graph.pt,B:S113A,-0.16837136
1jtg_24_wt_graph.pt,A_B,1jtg_24_graph.pt,B:S71A,0.358089274
1jtg_25_wt_graph.pt,A_B,1jtg_25_graph.pt,B:T140K,-0.014392254
1jtg_26_wt_graph.pt,A_B,1jtg_26_graph.pt,A:V190A,-0.406941977
1jtg_27_wt_graph.pt,A_B,1jtg_27_graph.pt,A:V78A,1.910743813
1jtg_28_wt_graph.pt,A_B,1jtg_28_graph.pt,B:W112A,3.010511239
1jtg_29_wt_graph.pt,A_B,1jtg_29_graph.pt,B:W150A,4.25356184
1jtg_30_wt_graph.pt,A_B,1jtg_30_graph.pt,B:W162A,2.34082663
1jtg_31_wt_graph.pt,A_B,1jtg_31_graph.pt,A:Y80A,-0.16837136
1jtg_32_wt_graph.pt,A_B,1jtg_32_graph.pt,B:Y143A,0.382029985
1jtg_33_wt_graph.pt,A_B,1jtg_33_graph.pt,B:Y50A,-0.406941977
1jtg_34_wt_graph.pt,A_B,1jtg_34_graph.pt,B:Y53A,2.077467182
1kac_1_wt_graph.pt,A_B,1kac_1_graph.pt,A:P15S,-0.793380642
1kac_2_wt_graph.pt,A_B,1kac_2_graph.pt,A:S87Y,-1.252759188
1ktz_1_wt_graph.pt,A_B,1ktz_1_graph.pt,B:D8A,1.968190114
1ktz_2_wt_graph.pt,A_B,1ktz_2_graph.pt,B:D8N,2.446917939
1ktz_3_wt_graph.pt,A_B,1ktz_3_graph.pt,B:D94A,1.261315745
1ktz_4_wt_graph.pt,A_B,1ktz_4_graph.pt,B:E31A,1.663096316
1ktz_5_wt_graph.pt,A_B,1ktz_5_graph.pt,B:E95A,1.94085184
1ktz_6_wt_graph.pt,A_B,1ktz_6_graph.pt,B:E95Q,2.073752738
1ktz_7_wt_graph.pt,A_B,1ktz_7_graph.pt,B:F6A,3.426638703
1ktz_8_wt_graph.pt,A_B,1ktz_8_graph.pt,B:I26A,2.343054582
1ktz_9_wt_graph.pt,A_B,1ktz_9_graph.pt,B:I29A,1.816812299
1ktz_10_wt_graph.pt,A_B,1ktz_10_graph.pt,B:L3A,2.27149732
1ktz_11_wt_graph.pt,A_B,1ktz_11_graph.pt,A:R13A,1.481581421
1ktz_12_wt_graph.pt,A_B,1ktz_12_graph.pt,A:R13K,1.151697795
1ktz_13_wt_graph.pt,A_B,1ktz_13_graph.pt,A:R64A,2.884404403
1ktz_14_wt_graph.pt,A_B,1ktz_14_graph.pt,A:R64K,2.201497141
1ktz_15_wt_graph.pt,A_B,1ktz_15_graph.pt,B:S25A,0.773119459
1ktz_16_wt_graph.pt,A_B,1ktz_16_graph.pt,B:S28A,0.663090967
1ktz_17_wt_graph.pt,A_B,1ktz_17_graph.pt,B:S28L,4.484360161
1ktz_18_wt_graph.pt,A_B,1ktz_18_graph.pt,B:T27A,1.960120269
1ktz_19_wt_graph.pt,A_B,1ktz_19_graph.pt,A:V62I,0.24291771
1ktz_20_wt_graph.pt,A_B,1ktz_20_graph.pt,B:V53A,0.861570349
1lfd_1_wt_graph.pt,A_B,1lfd_1_graph.pt,A:D38A,-0.579061809
1lfd_2_wt_graph.pt,A_B,1lfd_2_graph.pt,A:D38K,-1.086480485
1lfd_3_wt_graph.pt,A_B,1lfd_3_graph.pt,A:D43A,-0.279677394
1lfd_4_wt_graph.pt,A_B,1lfd_4_graph.pt,A:K19A,1.326342175
1lfd_5_wt_graph.pt,A_B,1lfd_5_graph.pt,A:K39A,1.179307661
1lfd_6_wt_graph.pt,A_B,1lfd_6_graph.pt,A:M17K,-0.920839879
1lfd_7_wt_graph.pt,A_B,1lfd_7_graph.pt,A:N14K,0.402972112
1lfd_8_wt_graph.pt,A_B,1lfd_8_graph.pt,A:N41K,-1.168327927
1lfd_9_wt_graph.pt,A_B,1lfd_9_graph.pt,A:R7A,1.136043775
1m9e_1_wt_graph.pt,A_D,1m9e_1_graph.pt,D:A76H,-2.374152495
1mah_1_wt_graph.pt,A_F,1mah_1_graph.pt,A:D71N,1.734871808
1mah_2_wt_graph.pt,A_F,1mah_2_graph.pt,A:W276R,8.131130226
1mah_3_wt_graph.pt,A_F,1mah_3_graph.pt,A:Y121Q,2.772983136
1mah_4_wt_graph.pt,A_F,1mah_4_graph.pt,A:Y69N,4.816024337
1p69_1_wt_graph.pt,A_B,1p69_1_graph.pt,A:S15P,0.0
1p6a_1_wt_graph.pt,A_B,1p6a_1_graph.pt,A:Y87S,0.0
1ppf_1_wt_graph.pt,E_I,1ppf_1_graph.pt,I:A15C,-0.673706956
1ppf_2_wt_graph.pt,E_I,1ppf_2_graph.pt,I:A15D,1.138229141
1ppf_3_wt_graph.pt,E_I,1ppf_3_graph.pt,I:A15E,0.105603518
1ppf_4_wt_graph.pt,E_I,1ppf_4_graph.pt,I:A15F,-0.072950204
1ppf_5_wt_graph.pt,E_I,1ppf_5_graph.pt,I:A15G,1.138229141
1ppf_6_wt_graph.pt,E_I,1ppf_6_graph.pt,I:A15H,0.552887918
1ppf_7_wt_graph.pt,E_I,1ppf_7_graph.pt,I:A15I,0.329477586
1ppf_8_wt_graph.pt,E_I,1ppf_8_graph.pt,I:A15K,1.127554041
1ppf_9_wt_graph.pt,E_I,1ppf_9_graph.pt,I:A15L,0.017792688
1ppf_10_wt_graph.pt,E_I,1ppf_10_graph.pt,I:A15M,-0.401337566
1ppf_11_wt_graph.pt,E_I,1ppf_11_graph.pt,I:A15N,0.915471345
1ppf_12_wt_graph.pt,E_I,1ppf_12_graph.pt,I:A15P,1.995459162
1ppf_13_wt_graph.pt,E_I,1ppf_13_graph.pt,I:A15Q,0.249774492
1ppf_14_wt_graph.pt,E_I,1ppf_14_graph.pt,I:A15R,-0.26417794
1ppf_15_wt_graph.pt,E_I,1ppf_15_graph.pt,I:A15S,0.756478548
1ppf_16_wt_graph.pt,E_I,1ppf_16_graph.pt,I:A15T,0.96283354
1ppf_17_wt_graph.pt,E_I,1ppf_17_graph.pt,I:A15V,0.208052563
1ppf_18_wt_graph.pt,E_I,1ppf_18_graph.pt,I:A15W,-0.640845373
1ppf_19_wt_graph.pt,E_I,1ppf_19_graph.pt,I:A15Y,-0.185067002
1ppf_20_wt_graph.pt,E_I,1ppf_20_graph.pt,I:E19A,1.203289176
1ppf_21_wt_graph.pt,E_I,1ppf_21_graph.pt,I:E19C,1.40263282
1ppf_22_wt_graph.pt,E_I,1ppf_22_graph.pt,I:E19D,0.577924826
1ppf_23_wt_graph.pt,E_I,1ppf_23_graph.pt,I:E19F,1.364171106
1ppf_24_wt_graph.pt,E_I,1ppf_24_graph.pt,I:E19G,2.120649654
1ppf_25_wt_graph.pt,E_I,1ppf_25_graph.pt,I:E19H,0.69046415
1ppf_26_wt_graph.pt,E_I,1ppf_26_graph.pt,I:E19I,0.723325733
1ppf_27_wt_graph.pt,E_I,1ppf_27_graph.pt,I:E19K,2.120649654
1ppf_28_wt_graph.pt,E_I,1ppf_28_graph.pt,I:E19L,1.071087336
1ppf_29_wt_graph.pt,E_I,1ppf_29_graph.pt,I:E19M,1.14871529
1ppf_30_wt_graph.pt,E_I,1ppf_30_graph.pt,I:E19N,1.212693373
1ppf_31_wt_graph.pt,E_I,1ppf_31_graph.pt,I:E19P,3.210382817
1ppf_32_wt_graph.pt,E_I,1ppf_32_graph.pt,I:E19Q,0.660430914
1ppf_33_wt_graph.pt,E_I,1ppf_33_graph.pt,I:E19R,1.469774624
1ppf_34_wt_graph.pt,E_I,1ppf_34_graph.pt,I:E19S,1.846211711
1ppf_35_wt_graph.pt,E_I,1ppf_35_graph.pt,I:E19T,1.504980148
1ppf_36_wt_graph.pt,E_I,1ppf_36_graph.pt,I:E19V,1.159019063
1ppf_37_wt_graph.pt,E_I,1ppf_37_graph.pt,I:E19W,1.530075984
1ppf_38_wt_graph.pt,E_I,1ppf_38_graph.pt,I:E19Y,1.248884897
1ppf_39_wt_graph.pt,E_I,1ppf_39_graph.pt,I:G32A,0.235382238
1ppf_40_wt_graph.pt,E_I,1ppf_40_graph.pt,I:G32C,1.179104104
1ppf_41_wt_graph.pt,E_I,1ppf_41_graph.pt,I:G32D,2.49708674
1ppf_42_wt_graph.pt,E_I,1ppf_42_graph.pt,I:G32E,1.457558687
1ppf_43_wt_graph.pt,E_I,1ppf_43_graph.pt,I:G32F,1.481743758
1ppf_44_wt_graph.pt,E_I,1ppf_44_graph.pt,I:G32H,1.504980148
1ppf_45_wt_graph.pt,E_I,1ppf_45_graph.pt,I:G32I,4.372321046
1ppf_46_wt_graph.pt,E_I,1ppf_46_graph.pt,I:G32K,3.306267038
1ppf_47_wt_graph.pt,E_I,1ppf_47_graph.pt,I:G32L,3.12989781
1ppf_48_wt_graph.pt,E_I,1ppf_48_graph.pt,I:G32M,2.195335987
1ppf_49_wt_graph.pt,E_I,1ppf_49_graph.pt,I:G32N,1.613945598
1ppf_50_wt_graph.pt,E_I,1ppf_50_graph.pt,I:G32P,0.263825395
1ppf_51_wt_graph.pt,E_I,1ppf_51_graph.pt,I:G32Q,2.799726395
1ppf_52_wt_graph.pt,E_I,1ppf_52_graph.pt,I:G32R,4.848991866
1ppf_53_wt_graph.pt,E_I,1ppf_53_graph.pt,I:G32S,0.915471345
1ppf_54_wt_graph.pt,E_I,1ppf_54_graph.pt,I:G32T,2.812399648
1ppf_55_wt_graph.pt,E_I,1ppf_55_graph.pt,I:G32V,2.553068028
1ppf_56_wt_graph.pt,E_I,1ppf_56_graph.pt,I:G32W,1.643978834
1ppf_57_wt_graph.pt,E_I,1ppf_57_graph.pt,I:G32Y,1.203289176
1ppf_58_wt_graph.pt,E_I,1ppf_58_graph.pt,I:L18A,1.071087336
1ppf_59_wt_graph.pt,E_I,1ppf_59_graph.pt,I:L18C,-0.089523368
1ppf_60_wt_graph.pt,E_I,1ppf_60_graph.pt,I:L18D,7.613488284
1ppf_61_wt_graph.pt,E_I,1ppf_61_graph.pt,I:L18E,7.056237769
1ppf_62_wt_graph.pt,E_I,1ppf_62_graph.pt,I:L18F,5.169495748
1ppf_63_wt_graph.pt,E_I,1ppf_63_graph.pt,I:L18G,3.332898577
1ppf_64_wt_graph.pt,E_I,1ppf_64_graph.pt,I:L18H,6.471245807
1ppf_65_wt_graph.pt,E_I,1ppf_65_graph.pt,I:L18I,-0.73288305
1ppf_66_wt_graph.pt,E_I,1ppf_66_graph.pt,I:L18K,5.736492152
1ppf_67_wt_graph.pt,E_I,1ppf_67_graph.pt,I:L18M,1.257597584
1ppf_68_wt_graph.pt,E_I,1ppf_68_graph.pt,I:L18N,5.225428953
1ppf_69_wt_graph.pt,E_I,1ppf_69_graph.pt,I:L18P,6.147148575
1ppf_70_wt_graph.pt,E_I,1ppf_70_graph.pt,I:L18Q,3.306267038
1ppf_71_wt_graph.pt,E_I,1ppf_71_graph.pt,I:L18R,7.184541884
1ppf_72_wt_graph.pt,E_I,1ppf_72_graph.pt,I:L18S,3.092028565
1ppf_73_wt_graph.pt,E_I,1ppf_73_graph.pt,I:L18T,0.915471345
1ppf_74_wt_graph.pt,E_I,1ppf_74_graph.pt,I:L18V,-0.492664442
1ppf_75_wt_graph.pt,E_I,1ppf_75_graph.pt,I:L18W,7.544181263
1ppf_76_wt_graph.pt,E_I,1ppf_76_graph.pt,I:L18Y,6.635788529
1ppf_77_wt_graph.pt,E_I,1ppf_77_graph.pt,I:N36A,-1.64552277
1ppf_78_wt_graph.pt,E_I,1ppf_78_graph.pt,I:N36C,0.604556365
1ppf_79_wt_graph.pt,E_I,1ppf_79_graph.pt,I:N36D,-3.077951935
1ppf_80_wt_graph.pt,E_I,1ppf_80_graph.pt,I:N36E,-1.01834898
1ppf_81_wt_graph.pt,E_I,1ppf_81_graph.pt,I:N36F,1.846211711
1ppf_82_wt_graph.pt,E_I,1ppf_82_graph.pt,I:N36G,-0.571538352
1ppf_83_wt_graph.pt,E_I,1ppf_83_graph.pt,I:N36H,-0.533006226
1ppf_84_wt_graph.pt,E_I,1ppf_84_graph.pt,I:N36I,0.871506664
1ppf_85_wt_graph.pt,E_I,1ppf_85_graph.pt,I:N36K,2.62176869
1ppf_86_wt_graph.pt,E_I,1ppf_86_graph.pt,I:N36L,2.647163376
1ppf_87_wt_graph.pt,E_I,1ppf_87_graph.pt,I:N36M,1.094323726
1ppf_88_wt_graph.pt,E_I,1ppf_88_graph.pt,I:N36P,-2.959597684
1ppf_89_wt_graph.pt,E_I,1ppf_89_graph.pt,I:N36Q,0.382923497
1ppf_90_wt_graph.pt,E_I,1ppf_90_graph.pt,I:N36R,1.869755947
1ppf_91_wt_graph.pt,E_I,1ppf_91_graph.pt,I:N36S,-1.346378418
1ppf_92_wt_graph.pt,E_I,1ppf_92_graph.pt,I:N36T,0.552887918
1ppf_93_wt_graph.pt,E_I,1ppf_93_graph.pt,I:N36V,0.345822126
1ppf_94_wt_graph.pt,E_I,1ppf_94_graph.pt,I:N36W,1.727857459
1ppf_95_wt_graph.pt,E_I,1ppf_95_graph.pt,I:N36Y,1.676840417
1ppf_96_wt_graph.pt,E_I,1ppf_96_graph.pt,I:P14A,-0.12412894
1ppf_97_wt_graph.pt,E_I,1ppf_97_graph.pt,I:P14C,-2.005016479
1ppf_98_wt_graph.pt,E_I,1ppf_98_graph.pt,I:P14D,-0.492664442
1ppf_99_wt_graph.pt,E_I,1ppf_99_graph.pt,I:P14E,-1.429005402
1ppf_100_wt_graph.pt,E_I,1ppf_100_graph.pt,I:P14F,-1.856835548
1ppf_101_wt_graph.pt,E_I,1ppf_101_graph.pt,I:P14G,0.093387581
1ppf_102_wt_graph.pt,E_I,1ppf_102_graph.pt,I:P14H,-1.765508672
1ppf_103_wt_graph.pt,E_I,1ppf_103_graph.pt,I:P14I,-1.651359783
1ppf_104_wt_graph.pt,E_I,1ppf_104_graph.pt,I:P14K,-0.448699761
1ppf_105_wt_graph.pt,E_I,1ppf_105_graph.pt,I:P14L,-2.923366625
1ppf_106_wt_graph.pt,E_I,1ppf_106_graph.pt,I:P14M,-1.574452636
1ppf_107_wt_graph.pt,E_I,1ppf_107_graph.pt,I:P14N,-0.640845373
1ppf_108_wt_graph.pt,E_I,1ppf_108_graph.pt,I:P14Q,-0.811283188
1ppf_109_wt_graph.pt,E_I,1ppf_109_graph.pt,I:P14R,-0.137645541
1ppf_110_wt_graph.pt,E_I,1ppf_110_graph.pt,I:P14S,-0.571538352
1ppf_111_wt_graph.pt,E_I,1ppf_111_graph.pt,I:P14T,-0.26417794
1ppf_112_wt_graph.pt,E_I,1ppf_112_graph.pt,I:P14V,-1.525053036
1ppf_113_wt_graph.pt,E_I,1ppf_113_graph.pt,I:P14W,-2.005016479
1ppf_114_wt_graph.pt,E_I,1ppf_114_graph.pt,I:P14Y,-0.962615508
1ppf_115_wt_graph.pt,E_I,1ppf_115_graph.pt,I:R21A,0.208052563
1ppf_116_wt_graph.pt,E_I,1ppf_116_graph.pt,I:R21C,-0.081178836
1ppf_117_wt_graph.pt,E_I,1ppf_117_graph.pt,I:R21D,0.208052563
1ppf_118_wt_graph.pt,E_I,1ppf_118_graph.pt,I:R21E,0.460850242
1ppf_119_wt_graph.pt,E_I,1ppf_119_graph.pt,I:R21F,-0.981247609
1ppf_120_wt_graph.pt,E_I,1ppf_120_graph.pt,I:R21G,0.577924826
1ppf_121_wt_graph.pt,E_I,1ppf_121_graph.pt,I:R21H,-0.492664442
1ppf_122_wt_graph.pt,E_I,1ppf_122_graph.pt,I:R21I,-0.811283188
1ppf_123_wt_graph.pt,E_I,1ppf_123_graph.pt,I:R21K,0.604556365
1ppf_124_wt_graph.pt,E_I,1ppf_124_graph.pt,I:R21L,-0.858586265
1ppf_125_wt_graph.pt,E_I,1ppf_125_graph.pt,I:R21M,-0.759614741
1ppf_126_wt_graph.pt,E_I,1ppf_126_graph.pt,I:R21N,0.329477586
1ppf_127_wt_graph.pt,E_I,1ppf_127_graph.pt,I:R21P,6.705569322
1ppf_128_wt_graph.pt,E_I,1ppf_128_graph.pt,I:R21Q,-0.018343632
1ppf_129_wt_graph.pt,E_I,1ppf_129_graph.pt,I:R21S,0.419619558
1ppf_130_wt_graph.pt,E_I,1ppf_130_graph.pt,I:R21T,-0.018343632
1ppf_131_wt_graph.pt,E_I,1ppf_131_graph.pt,I:R21V,-0.349609723
1ppf_132_wt_graph.pt,E_I,1ppf_132_graph.pt,I:R21W,-0.533006226
1ppf_133_wt_graph.pt,E_I,1ppf_133_graph.pt,I:R21Y,0.220631634
1ppf_134_wt_graph.pt,E_I,1ppf_134_graph.pt,I:T17A,3.48482076
1ppf_135_wt_graph.pt,E_I,1ppf_135_graph.pt,I:T17C,2.087496839
1ppf_136_wt_graph.pt,E_I,1ppf_136_graph.pt,I:T17D,4.923678199
1ppf_137_wt_graph.pt,E_I,1ppf_137_graph.pt,I:T17E,3.041011523
1ppf_138_wt_graph.pt,E_I,1ppf_138_graph.pt,I:T17F,1.709993232
1ppf_139_wt_graph.pt,E_I,1ppf_139_graph.pt,I:T17G,3.599848876
1ppf_140_wt_graph.pt,E_I,1ppf_140_graph.pt,I:T17H,1.693648692
1ppf_141_wt_graph.pt,E_I,1ppf_141_graph.pt,I:T17I,1.493475864
1ppf_142_wt_graph.pt,E_I,1ppf_142_graph.pt,I:T17K,3.388773126
1ppf_143_wt_graph.pt,E_I,1ppf_143_graph.pt,I:T17L,2.279642451
1ppf_144_wt_graph.pt,E_I,1ppf_144_graph.pt,I:T17M,2.502400247
1ppf_145_wt_graph.pt,E_I,1ppf_145_graph.pt,I:T17N,2.698713439
1ppf_146_wt_graph.pt,E_I,1ppf_146_graph.pt,I:T17P,3.074164338
1ppf_147_wt_graph.pt,E_I,1ppf_147_graph.pt,I:T17Q,1.968727471
1ppf_148_wt_graph.pt,E_I,1ppf_148_graph.pt,I:T17R,3.451667945
1ppf_149_wt_graph.pt,E_I,1ppf_149_graph.pt,I:T17S,1.504980148
1ppf_150_wt_graph.pt,E_I,1ppf_150_graph.pt,I:T17V,1.481743758
1ppf_151_wt_graph.pt,E_I,1ppf_151_graph.pt,I:T17W,2.195335987
1ppf_152_wt_graph.pt,E_I,1ppf_152_graph.pt,I:T17Y,2.480854164
1ppf_153_wt_graph.pt,E_I,1ppf_153_graph.pt,I:Y20A,3.210382817
1ppf_154_wt_graph.pt,E_I,1ppf_154_graph.pt,I:Y20C,3.451667945
1ppf_155_wt_graph.pt,E_I,1ppf_155_graph.pt,I:Y20D,6.419517964
1ppf_156_wt_graph.pt,E_I,1ppf_156_graph.pt,I:Y20E,6.419517964
1ppf_157_wt_graph.pt,E_I,1ppf_157_graph.pt,I:Y20F,0.482040605
1ppf_158_wt_graph.pt,E_I,1ppf_158_graph.pt,I:Y20G,4.185900899
1ppf_159_wt_graph.pt,E_I,1ppf_159_graph.pt,I:Y20H,2.378732489
1ppf_160_wt_graph.pt,E_I,1ppf_160_graph.pt,I:Y20I,3.931631388
1ppf_161_wt_graph.pt,E_I,1ppf_161_graph.pt,I:Y20K,4.494068917
1ppf_162_wt_graph.pt,E_I,1ppf_162_graph.pt,I:Y20L,1.374910711
1ppf_163_wt_graph.pt,E_I,1ppf_163_graph.pt,I:Y20M,2.812399648
1ppf_164_wt_graph.pt,E_I,1ppf_164_graph.pt,I:Y20N,3.643813557
1ppf_165_wt_graph.pt,E_I,1ppf_165_graph.pt,I:Y20P,5.367161057
1ppf_166_wt_graph.pt,E_I,1ppf_166_graph.pt,I:Y20Q,4.697069683
1ppf_167_wt_graph.pt,E_I,1ppf_167_graph.pt,I:Y20R,4.372321046
1ppf_168_wt_graph.pt,E_I,1ppf_168_graph.pt,I:Y20S,3.643813557
1ppf_169_wt_graph.pt,E_I,1ppf_169_graph.pt,I:Y20T,5.055346858
1ppf_170_wt_graph.pt,E_I,1ppf_170_graph.pt,I:Y20V,4.185900899
1ppf_171_wt_graph.pt,E_I,1ppf_171_graph.pt,I:Y20W,0.235382238
1r0r_1_wt_graph.pt,E_I,1r0r_1_graph.pt,I:A10C,-0.483467667
1r0r_2_wt_graph.pt,E_I,1r0r_2_graph.pt,I:A10D,5.228434951
1r0r_3_wt_graph.pt,E_I,1r0r_3_graph.pt,I:A10E,4.577856073
1r0r_4_wt_graph.pt,E_I,1r0r_4_graph.pt,I:A10F,-2.242999458
1r0r_5_wt_graph.pt,E_I,1r0r_5_graph.pt,I:A10G,1.111736561
1r0r_6_wt_graph.pt,E_I,1r0r_6_graph.pt,I:A10H,1.774827528
1r0r_7_wt_graph.pt,E_I,1r0r_7_graph.pt,I:A10I,-1.7995166
1r0r_8_wt_graph.pt,E_I,1r0r_8_graph.pt,I:A10K,3.072984237
1r0r_9_wt_graph.pt,E_I,1r0r_9_graph.pt,I:A10L,-1.755011233
1r0r_10_wt_graph.pt,E_I,1r0r_10_graph.pt,I:A10M,-1.739622005
1r0r_11_wt_graph.pt,E_I,1r0r_11_graph.pt,I:A10N,2.09533141
1r0r_12_wt_graph.pt,E_I,1r0r_12_graph.pt,I:A10P,3.345353626
1r0r_13_wt_graph.pt,E_I,1r0r_13_graph.pt,I:A10Q,1.810981734
1r0r_14_wt_graph.pt,E_I,1r0r_14_graph.pt,I:A10R,5.530481857
1r0r_15_wt_graph.pt,E_I,1r0r_15_graph.pt,I:A10S,1.741674713
1r0r_16_wt_graph.pt,E_I,1r0r_16_graph.pt,I:A10T,1.268123472
1r0r_17_wt_graph.pt,E_I,1r0r_17_graph.pt,I:A10V,-0.953514684
1r0r_18_wt_graph.pt,E_I,1r0r_18_graph.pt,I:A10W,0.207065792
1r0r_19_wt_graph.pt,E_I,1r0r_19_graph.pt,I:A10Y,-0.838486568
1r0r_20_wt_graph.pt,E_I,1r0r_20_graph.pt,I:E14A,2.089436316
1r0r_21_wt_graph.pt,E_I,1r0r_21_graph.pt,I:E14C,2.371582201
1r0r_22_wt_graph.pt,E_I,1r0r_22_graph.pt,I:E14D,0.258734239
1r0r_23_wt_graph.pt,E_I,1r0r_23_graph.pt,I:E14F,3.618090896
1r0r_24_wt_graph.pt,E_I,1r0r_24_graph.pt,I:E14G,2.711997673
1r0r_25_wt_graph.pt,E_I,1r0r_25_graph.pt,I:E14H,1.70881313
1r0r_26_wt_graph.pt,E_I,1r0r_26_graph.pt,I:E14I,0.736997316
1r0r_27_wt_graph.pt,E_I,1r0r_27_graph.pt,I:E14K,2.711997673
1r0r_28_wt_graph.pt,E_I,1r0r_28_graph.pt,I:E14L,0.569649219
1r0r_29_wt_graph.pt,E_I,1r0r_29_graph.pt,I:E14M,1.571236898
1r0r_30_wt_graph.pt,E_I,1r0r_30_graph.pt,I:E14N,2.118342146
1r0r_31_wt_graph.pt,E_I,1r0r_31_graph.pt,I:E14P,3.76448388
1r0r_32_wt_graph.pt,E_I,1r0r_32_graph.pt,I:E14Q,1.282174375
1r0r_33_wt_graph.pt,E_I,1r0r_33_graph.pt,I:E14R,2.09533141
1r0r_34_wt_graph.pt,E_I,1r0r_34_graph.pt,I:E14S,3.17515284
1r0r_35_wt_graph.pt,E_I,1r0r_35_graph.pt,I:E14T,4.252276033
1r0r_36_wt_graph.pt,E_I,1r0r_36_graph.pt,I:E14V,0.094771374
1r0r_37_wt_graph.pt,E_I,1r0r_37_graph.pt,I:E14W,1.849513861
1r0r_38_wt_graph.pt,E_I,1r0r_38_graph.pt,I:E14Y,1.889855644
1r0r_39_wt_graph.pt,E_I,1r0r_39_graph.pt,I:K8A,-0.610000066
1r0r_40_wt_graph.pt,E_I,1r0r_40_graph.pt,I:K8C,-0.615669506
1r0r_41_wt_graph.pt,E_I,1r0r_41_graph.pt,I:K8D,-0.593310174
1r0r_42_wt_graph.pt,E_I,1r0r_42_graph.pt,I:K8E,-0.110439888
1r0r_43_wt_graph.pt,E_I,1r0r_43_graph.pt,I:K8F,-0.794521887
1r0r_44_wt_graph.pt,E_I,1r0r_44_graph.pt,I:K8G,-0.838486568
1r0r_45_wt_graph.pt,E_I,1r0r_45_graph.pt,I:K8H,-0.593310174
1r0r_46_wt_graph.pt,E_I,1r0r_46_graph.pt,I:K8I,1.123952498
1r0r_47_wt_graph.pt,E_I,1r0r_47_graph.pt,I:K8L,-0.328029438
1r0r_48_wt_graph.pt,E_I,1r0r_48_graph.pt,I:K8M,-0.561277942
1r0r_49_wt_graph.pt,E_I,1r0r_49_graph.pt,I:K8N,-0.390840127
1r0r_50_wt_graph.pt,E_I,1r0r_50_graph.pt,I:K8P,1.347826567
1r0r_51_wt_graph.pt,E_I,1r0r_51_graph.pt,I:K8Q,-0.530889128
1r0r_52_wt_graph.pt,E_I,1r0r_52_graph.pt,I:K8R,0.136218479
1r0r_53_wt_graph.pt,E_I,1r0r_53_graph.pt,I:K8S,-0.307360412
1r0r_54_wt_graph.pt,E_I,1r0r_54_graph.pt,I:K8T,0.889748683
1r0r_55_wt_graph.pt,E_I,1r0r_55_graph.pt,I:K8V,0.410656422
1r0r_56_wt_graph.pt,E_I,1r0r_56_graph.pt,I:K8W,-1.105436867
1r0r_57_wt_graph.pt,E_I,1r0r_57_graph.pt,I:K8Y,-0.695431849
1r0r_58_wt_graph.pt,E_I,1r0r_58_graph.pt,I:L13A,0.314608788
1r0r_59_wt_graph.pt,E_I,1r0r_59_graph.pt,I:L13C,-1.346306879
1r0r_60_wt_graph.pt,E_I,1r0r_60_graph.pt,I:L13D,4.539323946
1r0r_61_wt_graph.pt,E_I,1r0r_61_graph.pt,I:L13E,2.177368043
1r0r_62_wt_graph.pt,E_I,1r0r_62_graph.pt,I:L13F,0.617011414
1r0r_63_wt_graph.pt,E_I,1r0r_63_graph.pt,I:L13G,2.352891313
1r0r_64_wt_graph.pt,E_I,1r0r_64_graph.pt,I:L13H,0.569649219
1r0r_65_wt_graph.pt,E_I,1r0r_65_graph.pt,I:L13I,3.25402675
1r0r_66_wt_graph.pt,E_I,1r0r_66_graph.pt,I:L13K,3.345353626
1r0r_67_wt_graph.pt,E_I,1r0r_67_graph.pt,I:L13M,-0.51625994
1r0r_68_wt_graph.pt,E_I,1r0r_68_graph.pt,I:L13N,1.500389585
1r0r_69_wt_graph.pt,E_I,1r0r_69_graph.pt,I:L13P,7.687726778
1r0r_70_wt_graph.pt,E_I,1r0r_70_graph.pt,I:L13Q,0.569649219
1r0r_71_wt_graph.pt,E_I,1r0r_71_graph.pt,I:L13R,2.935408004
1r0r_72_wt_graph.pt,E_I,1r0r_72_graph.pt,I:L13S,1.571236898
1r0r_73_wt_graph.pt,E_I,1r0r_73_graph.pt,I:L13T,0.159762715
1r0r_74_wt_graph.pt,E_I,1r0r_74_graph.pt,I:L13V,2.156578121
1r0r_75_wt_graph.pt,E_I,1r0r_75_graph.pt,I:L13W,1.523933821
1r0r_76_wt_graph.pt,E_I,1r0r_76_graph.pt,I:L13Y,0.446810628
1r0r_77_wt_graph.pt,E_I,1r0r_77_graph.pt,I:P9A,-0.638905896
1r0r_78_wt_graph.pt,E_I,1r0r_78_graph.pt,I:P9C,-0.986667499
1r0r_79_wt_graph.pt,E_I,1r0r_79_graph.pt,I:P9D,-2.52127642
1r0r_80_wt_graph.pt,E_I,1r0r_80_graph.pt,I:P9E,-2.242999458
1r0r_81_wt_graph.pt,E_I,1r0r_81_graph.pt,I:P9F,1.382035333
1r0r_82_wt_graph.pt,E_I,1r0r_82_graph.pt,I:P9G,-0.345822126
1r0r_83_wt_graph.pt,E_I,1r0r_83_graph.pt,I:P9H,-0.216517368
1r0r_84_wt_graph.pt,E_I,1r0r_84_graph.pt,I:P9I,1.741674713
1r0r_85_wt_graph.pt,E_I,1r0r_85_graph.pt,I:P9K,0.344642024
1r0r_86_wt_graph.pt,E_I,1r0r_86_graph.pt,I:P9L,1.184253858
1r0r_87_wt_graph.pt,E_I,1r0r_87_graph.pt,I:P9M,-0.033152815
1r0r_88_wt_graph.pt,E_I,1r0r_88_graph.pt,I:P9N,-0.917360478
1r0r_89_wt_graph.pt,E_I,1r0r_89_graph.pt,I:P9Q,-1.414623019
1r0r_90_wt_graph.pt,E_I,1r0r_90_graph.pt,I:P9R,1.102406416
1r0r_91_wt_graph.pt,E_I,1r0r_91_graph.pt,I:P9S,0.136218479
1r0r_92_wt_graph.pt,E_I,1r0r_92_graph.pt,I:P9T,1.197749931
1r0r_93_wt_graph.pt,E_I,1r0r_93_graph.pt,I:P9V,1.331018291
1r0r_94_wt_graph.pt,E_I,1r0r_94_graph.pt,I:P9W,0.485342755
1r0r_95_wt_graph.pt,E_I,1r0r_95_graph.pt,I:P9Y,0.85746705
1r0r_96_wt_graph.pt,E_I,1r0r_96_graph.pt,I:R16A,-0.096047634
1r0r_97_wt_graph.pt,E_I,1r0r_97_graph.pt,I:R16C,0.115028116
1r0r_98_wt_graph.pt,E_I,1r0r_98_graph.pt,I:R16D,-0.179917248
1r0r_99_wt_graph.pt,E_I,1r0r_99_graph.pt,I:R16E,0.344642024
1r0r_100_wt_graph.pt,E_I,1r0r_100_graph.pt,I:R16F,0.446810628
1r0r_101_wt_graph.pt,E_I,1r0r_101_graph.pt,I:R16G,2.089436316
1r0r_102_wt_graph.pt,E_I,1r0r_102_graph.pt,I:R16H,0.525684538
1r0r_103_wt_graph.pt,E_I,1r0r_103_graph.pt,I:R16I,0.207065792
1r0r_104_wt_graph.pt,E_I,1r0r_104_graph.pt,I:R16K,-0.096047634
1r0r_105_wt_graph.pt,E_I,1r0r_105_graph.pt,I:R16L,0.2321027
1r0r_106_wt_graph.pt,E_I,1r0r_106_graph.pt,I:R16M,0.446810628
1r0r_107_wt_graph.pt,E_I,1r0r_107_graph.pt,I:R16N,-0.050451912
1r0r_108_wt_graph.pt,E_I,1r0r_108_graph.pt,I:R16P,7.39050475
1r0r_109_wt_graph.pt,E_I,1r0r_109_graph.pt,I:R16Q,0.182406949
1r0r_110_wt_graph.pt,E_I,1r0r_110_graph.pt,I:R16S,-0.01634454
1r0r_111_wt_graph.pt,E_I,1r0r_111_graph.pt,I:R16T,0.344642024
1r0r_112_wt_graph.pt,E_I,1r0r_112_graph.pt,I:R16V,0.115028116
1r0r_113_wt_graph.pt,E_I,1r0r_113_graph.pt,I:R16W,0.945398776
1r0r_114_wt_graph.pt,E_I,1r0r_114_graph.pt,I:R16Y,0.823324568
1r0r_115_wt_graph.pt,E_I,1r0r_115_graph.pt,I:T12A,1.173231177
1r0r_116_wt_graph.pt,E_I,1r0r_116_graph.pt,I:T12C,0.813196937
1r0r_117_wt_graph.pt,E_I,1r0r_117_graph.pt,I:T12D,2.888104927
1r0r_118_wt_graph.pt,E_I,1r0r_118_graph.pt,I:T12E,3.213684967
1r0r_119_wt_graph.pt,E_I,1r0r_119_graph.pt,I:T12F,-0.066014398
1r0r_120_wt_graph.pt,E_I,1r0r_120_graph.pt,I:T12G,3.138998634
1r0r_121_wt_graph.pt,E_I,1r0r_121_graph.pt,I:T12H,0.525684538
1r0r_122_wt_graph.pt,E_I,1r0r_122_graph.pt,I:T12I,0.258734239
1r0r_123_wt_graph.pt,E_I,1r0r_123_graph.pt,I:T12K,1.933820325
1r0r_124_wt_graph.pt,E_I,1r0r_124_graph.pt,I:T12L,0.668739257
1r0r_125_wt_graph.pt,E_I,1r0r_125_graph.pt,I:T12M,1.331018291
1r0r_126_wt_graph.pt,E_I,1r0r_126_graph.pt,I:T12N,0.017864227
1r0r_127_wt_graph.pt,E_I,1r0r_127_graph.pt,I:T12P,4.949980368
1r0r_128_wt_graph.pt,E_I,1r0r_128_graph.pt,I:T12Q,2.221638156
1r0r_129_wt_graph.pt,E_I,1r0r_129_graph.pt,I:T12R,3.345353626
1r0r_130_wt_graph.pt,E_I,1r0r_130_graph.pt,I:T12S,0.889748683
1r0r_131_wt_graph.pt,E_I,1r0r_131_graph.pt,I:T12V,0.937170144
1r0r_132_wt_graph.pt,E_I,1r0r_132_graph.pt,I:T12W,2.935408004
1r0r_133_wt_graph.pt,E_I,1r0r_133_graph.pt,I:T12Y,-0.878828351
1r0r_134_wt_graph.pt,E_I,1r0r_134_graph.pt,I:Y15A,5.474548652
1r0r_135_wt_graph.pt,E_I,1r0r_135_graph.pt,I:Y15C,3.25402675
1r0r_136_wt_graph.pt,E_I,1r0r_136_graph.pt,I:Y15D,5.771293213
1r0r_137_wt_graph.pt,E_I,1r0r_137_graph.pt,I:Y15E,4.618197856
1r0r_138_wt_graph.pt,E_I,1r0r_138_graph.pt,I:Y15F,0.617011414
1r0r_139_wt_graph.pt,E_I,1r0r_139_graph.pt,I:Y15G,6.402083201
1r0r_140_wt_graph.pt,E_I,1r0r_140_graph.pt,I:Y15H,3.471119594
1r0r_141_wt_graph.pt,E_I,1r0r_141_graph.pt,I:Y15I,2.864560691
1r0r_142_wt_graph.pt,E_I,1r0r_142_graph.pt,I:Y15K,5.512417897
1r0r_143_wt_graph.pt,E_I,1r0r_143_graph.pt,I:Y15L,2.575116504
1r0r_144_wt_graph.pt,E_I,1r0r_144_graph.pt,I:Y15M,3.138998634
1r0r_145_wt_graph.pt,E_I,1r0r_145_graph.pt,I:Y15N,5.61644714
1r0r_146_wt_graph.pt,E_I,1r0r_146_graph.pt,I:Y15P,6.654434355
1r0r_147_wt_graph.pt,E_I,1r0r_147_graph.pt,I:Y15Q,4.50316974
1r0r_148_wt_graph.pt,E_I,1r0r_148_graph.pt,I:Y15R,4.470016925
1r0r_149_wt_graph.pt,E_I,1r0r_149_graph.pt,I:Y15S,5.162713328
1r0r_150_wt_graph.pt,E_I,1r0r_150_graph.pt,I:Y15T,5.474548652
1r0r_151_wt_graph.pt,E_I,1r0r_151_graph.pt,I:Y15V,3.510074128
1r0r_152_wt_graph.pt,E_I,1r0r_152_graph.pt,I:Y15W,-0.364165758
1s0w_1_wt_graph.pt,A_C,1s0w_1_graph.pt,C:A142F,-2.102992138
1s1q_1_wt_graph.pt,A_B,1s1q_1_graph.pt,A:D44A,0.965521137
1s1q_2_wt_graph.pt,A_B,1s1q_2_graph.pt,A:F42A,0.199343644
1s1q_3_wt_graph.pt,A_B,1s1q_3_graph.pt,A:F86A,0.775250441
1s1q_4_wt_graph.pt,A_B,1s1q_4_graph.pt,A:N43A,1.231969266
1s1q_5_wt_graph.pt,A_B,1s1q_5_graph.pt,A:V41A,0.670752703
1s1q_6_wt_graph.pt,A_B,1s1q_6_graph.pt,A:W73A,0.280782491
1sbb_1_wt_graph.pt,A_B,1sbb_1_graph.pt,B:L20T,-0.091326876
1sbb_2_wt_graph.pt,A_B,1sbb_2_graph.pt,B:V26Y,-1.455497982
1sbb_3_wt_graph.pt,A_B,1sbb_3_graph.pt,B:Y91V,0.079110938
1sbn_1_wt_graph.pt,E_I,1sbn_1_graph.pt,I:R38K,-0.309999401
1sgd_1_wt_graph.pt,E_I,1sgd_1_graph.pt,I:D13L,-5.66865879
1sge_1_wt_graph.pt,E_I,1sge_1_graph.pt,I:E13L,-5.982758221
1sgn_1_wt_graph.pt,E_I,1sgn_1_graph.pt,I:N13L,-3.399816916
1sgp_1_wt_graph.pt,E_I,1sgp_1_graph.pt,I:A13L,-2.989160494
1sgq_1_wt_graph.pt,E_I,1sgq_1_graph.pt,I:G13L,-5.003495829
1sgy_1_wt_graph.pt,E_I,1sgy_1_graph.pt,I:Y13L,-1.67600643
1smf_1_wt_graph.pt,E_I,1smf_1_graph.pt,I:E8A,1.012809328
1smf_2_wt_graph.pt,E_I,1smf_2_graph.pt,I:I5A,3.511419082
1smf_3_wt_graph.pt,E_I,1smf_3_graph.pt,I:S4A,1.899971617
1smf_4_wt_graph.pt,E_I,1smf_4_graph.pt,I:T2A,2.046051766
1tm1_1_wt_graph.pt,E_I,1tm1_1_graph.pt,I:E41A,2.924655405
1tm1_2_wt_graph.pt,E_I,1tm1_2_graph.pt,I:E41S,2.747768608
1tm1_3_wt_graph.pt,E_I,1tm1_3_graph.pt,I:M40A,1.027667836
1tm1_4_wt_graph.pt,E_I,1tm1_4_graph.pt,I:M40F,1.027667836
1tm1_5_wt_graph.pt,E_I,1tm1_5_graph.pt,I:M40G,2.232905411
1tm1_6_wt_graph.pt,E_I,1tm1_6_graph.pt,I:M40K,1.093563684
1tm1_7_wt_graph.pt,E_I,1tm1_7_graph.pt,I:M40Y,0.056466705
1tm1_8_wt_graph.pt,E_I,1tm1_8_graph.pt,I:R43A,1.256154338
1tm1_9_wt_graph.pt,E_I,1tm1_9_graph.pt,I:R48A,2.92343887
1tm1_10_wt_graph.pt,E_I,1tm1_10_graph.pt,I:R48C,3.235801465
1tm1_11_wt_graph.pt,E_I,1tm1_11_graph.pt,I:T39A,2.572395949
1tm1_12_wt_graph.pt,E_I,1tm1_12_graph.pt,I:T39D,2.099073717
1tm1_13_wt_graph.pt,E_I,1tm1_13_graph.pt,I:T39P,3.756010048
1tm1_14_wt_graph.pt,E_I,1tm1_14_graph.pt,I:Y42A,2.179529609
1tm1_15_wt_graph.pt,E_I,1tm1_15_graph.pt,I:Y42G,4.680967302
1tm3_1_wt_graph.pt,E_I,1tm3_1_graph.pt,I:K40M,-1.093563684
1tm4_1_wt_graph.pt,E_I,1tm4_1_graph.pt,I:G40M,-2.232905411
1tm5_1_wt_graph.pt,E_I,1tm5_1_graph.pt,I:A40M,-1.027667836
1tm7_1_wt_graph.pt,E_I,1tm7_1_graph.pt,I:Y40M,-0.056466705
1tmg_1_wt_graph.pt,E_I,1tmg_1_graph.pt,I:F40M,-1.027667836
1to1_1_wt_graph.pt,E_I,1to1_1_graph.pt,I:A42Y,-2.981582267
1uuz_1_wt_graph.pt,A_D,1uuz_1_graph.pt,A:C64A,0.65087503
1uuz_2_wt_graph.pt,A_D,1uuz_2_graph.pt,A:H62A,1.774827528
1uuz_3_wt_graph.pt,A_D,1uuz_3_graph.pt,A:H62D,3.379217242
1uuz_4_wt_graph.pt,A_D,1uuz_4_graph.pt,A:H62N,1.519609335
1uuz_5_wt_graph.pt,A_D,1uuz_5_graph.pt,A:H62Q,1.519609335
1x1x_1_wt_graph.pt,A_D,1x1x_1_graph.pt,D:A76E,-0.823552741
1xd3_1_wt_graph.pt,A_B,1xd3_1_graph.pt,B:D39A,-0.410656422
1xd3_2_wt_graph.pt,A_B,1xd3_2_graph.pt,B:H68N,0.0
1xd3_3_wt_graph.pt,A_B,1xd3_3_graph.pt,B:I44A,0.265981448
1xd3_4_wt_graph.pt,A_B,1xd3_4_graph.pt,B:K11R,1.402407081
1xd3_5_wt_graph.pt,A_B,1xd3_5_graph.pt,B:K27A,-0.062421047
1xd3_6_wt_graph.pt,A_B,1xd3_6_graph.pt,B:K27R,0.265981448
1xd3_7_wt_graph.pt,A_B,1xd3_7_graph.pt,B:K6A,1.344086065
1xd3_8_wt_graph.pt,A_B,1xd3_8_graph.pt,B:K6R,0.302639654
1xd3_9_wt_graph.pt,A_B,1xd3_9_graph.pt,B:L8A,2.676792149
1xd3_10_wt_graph.pt,A_B,1xd3_10_graph.pt,B:R42L,-0.862187808
1xd3_11_wt_graph.pt,A_B,1xd3_11_graph.pt,B:R72L,1.30175006
1xd3_12_wt_graph.pt,A_B,1xd3_12_graph.pt,B:R74L,2.377732276
1y1k_1_wt_graph.pt,E_I,1y1k_1_graph.pt,I:A39T,-2.728342212
1y33_1_wt_graph.pt,E_I,1y33_1_graph.pt,I:P39T,-3.756010048
1y34_1_wt_graph.pt,E_I,1y34_1_graph.pt,I:A41E,-3.054218256
1y3b_1_wt_graph.pt,E_I,1y3b_1_graph.pt,I:S41E,-2.747768608
1z7x_1_wt_graph.pt,W_X,1z7x_1_graph.pt,W:D435A,3.662430501
1z7x_2_wt_graph.pt,W_X,1z7x_2_graph.pt,W:E287A,1.321324587
1z7x_3_wt_graph.pt,W_X,1z7x_3_graph.pt,W:E401A,1.306325001
1z7x_4_wt_graph.pt,W_X,1z7x_4_graph.pt,W:I459A,0.337421089
1z7x_5_wt_graph.pt,W_X,1z7x_5_graph.pt,W:K320A,1.321324587
1z7x_6_wt_graph.pt,W_X,1z7x_6_graph.pt,W:R457A,0.848247118
1z7x_7_wt_graph.pt,W_X,1z7x_7_graph.pt,W:S289A,0.814383502
1z7x_8_wt_graph.pt,W_X,1z7x_8_graph.pt,W:W261A,1.335953774
1z7x_9_wt_graph.pt,W_X,1z7x_9_graph.pt,W:W263A,2.212418224
1z7x_10_wt_graph.pt,W_X,1z7x_10_graph.pt,W:W318A,0.993470405
1z7x_11_wt_graph.pt,W_X,1z7x_11_graph.pt,W:W375A,1.669559962
1z7x_12_wt_graph.pt,W_X,1z7x_12_graph.pt,W:Y434A,5.955931219
1z7x_13_wt_graph.pt,W_X,1z7x_13_graph.pt,W:Y434F,0.120622605
1z7x_14_wt_graph.pt,W_X,1z7x_14_graph.pt,W:Y437A,2.624135438
1z7x_15_wt_graph.pt,W_X,1z7x_15_graph.pt,W:Y437F,2.166057555
2a9k_1_wt_graph.pt,A_B,2a9k_1_graph.pt,B:G55D,2.31768579
2ajf_1_wt_graph.pt,A_E,2ajf_1_graph.pt,E:N151K,2.012603031
2ajf_2_wt_graph.pt,A_E,2ajf_2_graph.pt,E:T159S,1.823934487
2b0z_1_wt_graph.pt,A_B,2b0z_1_graph.pt,B:I87F,-2.528998568
2b10_1_wt_graph.pt,A_B,2b10_1_graph.pt,B:S87F,-1.164827462
2b11_1_wt_graph.pt,A_B,2b11_1_graph.pt,B:W87F,-0.75417104
2b12_1_wt_graph.pt,A_B,2b12_1_graph.pt,B:Y87F,-1.575483884
2b42_1_wt_graph.pt,A_B,2b42_1_graph.pt,A:H357A,1.638458366
2b42_2_wt_graph.pt,A_B,2b42_2_graph.pt,A:H357K,2.567787978
2b42_3_wt_graph.pt,A_B,2b42_3_graph.pt,A:H357Q,1.076115622
2btf_1_wt_graph.pt,A_P,2btf_1_graph.pt,P:F59A,1.595740626
2btf_2_wt_graph.pt,A_P,2btf_2_graph.pt,P:G120F,1.720931118
2btf_3_wt_graph.pt,A_P,2btf_3_graph.pt,P:K125A,0.460056022
2btf_4_wt_graph.pt,A_P,2btf_4_graph.pt,P:V60E,0.978729212
2ftl_1_wt_graph.pt,E_I,2ftl_1_graph.pt,I:G12A,4.392778412
2ftl_2_wt_graph.pt,E_I,2ftl_2_graph.pt,I:G36A,2.21438978
2ftl_3_wt_graph.pt,E_I,2ftl_3_graph.pt,I:I18A,5.021842931
2ftl_4_wt_graph.pt,E_I,2ftl_4_graph.pt,I:K15A,10.15919781
2ftl_5_wt_graph.pt,E_I,2ftl_5_graph.pt,I:K15D,11.50271777
2ftl_6_wt_graph.pt,E_I,2ftl_6_graph.pt,I:K15E,9.424007251
2ftl_7_wt_graph.pt,E_I,2ftl_7_graph.pt,I:K15F,7.027210522
2ftl_8_wt_graph.pt,E_I,2ftl_8_graph.pt,I:K15G,12.35222629
2ftl_9_wt_graph.pt,E_I,2ftl_9_graph.pt,I:K15H,8.781781309
2ftl_10_wt_graph.pt,E_I,2ftl_10_graph.pt,I:K15I,11.17145168
2ftl_11_wt_graph.pt,E_I,2ftl_11_graph.pt,I:K15L,8.864103377
2ftl_12_wt_graph.pt,E_I,2ftl_12_graph.pt,I:K15M,7.692373484
2ftl_13_wt_graph.pt,E_I,2ftl_13_graph.pt,I:K15N,8.033104453
2ftl_14_wt_graph.pt,E_I,2ftl_14_graph.pt,I:K15Q,9.370644021
2ftl_15_wt_graph.pt,E_I,2ftl_15_graph.pt,I:K15S,7.723918302
2ftl_16_wt_graph.pt,E_I,2ftl_16_graph.pt,I:K15T,10.5974838
2ftl_17_wt_graph.pt,E_I,2ftl_17_graph.pt,I:K15V,11.75644364
2ftl_18_wt_graph.pt,E_I,2ftl_18_graph.pt,I:K15W,8.664118898
2ftl_19_wt_graph.pt,E_I,2ftl_19_graph.pt,I:K15Y,6.857009736
2g2u_1_wt_graph.pt,A_B,2g2u_1_graph.pt,A:D79K,-0.452887112
2g2u_2_wt_graph.pt,A_B,2g2u_2_graph.pt,B:E31A,0.65087503
2g2u_3_wt_graph.pt,A_B,2g2u_3_graph.pt,B:E73A,-1.979437447
2g2u_4_wt_graph.pt,A_B,2g2u_4_graph.pt,B:E73M,-3.536034871
2g2u_5_wt_graph.pt,A_B,2g2u_5_graph.pt,B:F142A,0.275827297
2g2u_6_wt_graph.pt,A_B,2g2u_6_graph.pt,B:F36A,2.763950901
2g2u_7_wt_graph.pt,A_B,2g2u_7_graph.pt,B:G141A,-0.413810566
2g2u_8_wt_graph.pt,A_B,2g2u_8_graph.pt,B:G48A,-0.426597796
2g2u_9_wt_graph.pt,A_B,2g2u_9_graph.pt,B:H148A,1.118950652
2g2u_10_wt_graph.pt,A_B,2g2u_10_graph.pt,B:H41A,1.717048637
2g2u_11_wt_graph.pt,A_B,2g2u_11_graph.pt,B:K74A,-0.217335214
2g2u_12_wt_graph.pt,A_B,2g2u_12_graph.pt,B:R144A,-0.342392195
2g2u_13_wt_graph.pt,A_B,2g2u_13_graph.pt,B:R160A,0.669793827
2g2u_14_wt_graph.pt,A_B,2g2u_14_graph.pt,B:S113A,-0.612311462
2g2u_15_wt_graph.pt,A_B,2g2u_15_graph.pt,B:S35A,-0.950898998
2g2u_16_wt_graph.pt,A_B,2g2u_16_graph.pt,B:S39A,-0.95614197
2g2u_17_wt_graph.pt,A_B,2g2u_17_graph.pt,B:S71A,-0.512207359
2g2u_18_wt_graph.pt,A_B,2g2u_18_graph.pt,B:W112A,0.958734559
2g2u_19_wt_graph.pt,A_B,2g2u_19_graph.pt,B:W150A,1.785221689
2g2u_20_wt_graph.pt,A_B,2g2u_20_graph.pt,B:W162A,0.531210037
2g2u_21_wt_graph.pt,A_B,2g2u_21_graph.pt,B:Y143A,-1.847235607
2g2u_22_wt_graph.pt,A_B,2g2u_22_graph.pt,B:Y50A,-2.075722109
2g2u_23_wt_graph.pt,A_B,2g2u_23_graph.pt,B:Y51A,-0.628748763
2g2u_24_wt_graph.pt,A_B,2g2u_24_graph.pt,B:Y53A,2.301744416
2g2w_1_wt_graph.pt,A_B,2g2w_1_graph.pt,A:K79D,0.452887112
2gox_1_wt_graph.pt,A_B,2gox_1_graph.pt,B:N38A,1.569529543
2gox_2_wt_graph.pt,A_B,2gox_2_graph.pt,B:R31A,2.246740107
2hle_1_wt_graph.pt,A_B,2hle_1_graph.pt,A:K141Q,-0.410656422
2hle_2_wt_graph.pt,A_B,2hle_2_graph.pt,A:L87R,2.287296976
2hrk_1_wt_graph.pt,A_B,2hrk_1_graph.pt,A:K140A,0.953514684
2hrk_2_wt_graph.pt,A_B,2hrk_2_graph.pt,A:T108V,0.721069691
2hrk_3_wt_graph.pt,A_B,2hrk_3_graph.pt,B:T55V,0.62420066
2i26_1_wt_graph.pt,N_L,2i26_1_graph.pt,N:A29V,0.030388814
2i9b_1_wt_graph.pt,A_E,2i9b_1_graph.pt,E:K131A,0.67427833
2i9b_2_wt_graph.pt,A_E,2i9b_2_graph.pt,E:R129A,-0.287640069
2j0t_1_wt_graph.pt,A_D,2j0t_1_graph.pt,D:C70S,4.308546854
2j0t_2_wt_graph.pt,A_D,2j0t_2_graph.pt,D:M66A,1.642625689
2j0t_3_wt_graph.pt,A_D,2j0t_3_graph.pt,D:S68A,2.106373012
2j0t_4_wt_graph.pt,A_D,2j0t_4_graph.pt,D:S68E,2.18548395
2j0t_5_wt_graph.pt,A_D,2j0t_5_graph.pt,D:S68R,2.83635898
2j0t_6_wt_graph.pt,A_D,2j0t_6_graph.pt,D:S68Y,2.978353638
2j0t_7_wt_graph.pt,A_D,2j0t_7_graph.pt,D:T2A,4.289029024
2j0t_8_wt_graph.pt,A_D,2j0t_8_graph.pt,D:T2L,2.682153742
2j0t_9_wt_graph.pt,A_D,2j0t_9_graph.pt,D:T2R,5.046028002
2j0t_10_wt_graph.pt,A_D,2j0t_10_graph.pt,D:T2S,1.594432303
2j0t_11_wt_graph.pt,A_D,2j0t_11_graph.pt,D:V4A,0.0
2j0t_12_wt_graph.pt,A_D,2j0t_12_graph.pt,D:V4I,1.642625689
2j0t_13_wt_graph.pt,A_D,2j0t_13_graph.pt,D:V4K,1.82452328
2j0t_14_wt_graph.pt,A_D,2j0t_14_graph.pt,D:V4S,0.982420513
2j0t_15_wt_graph.pt,A_D,2j0t_15_graph.pt,D:V69I,0.79092403
2j0t_16_wt_graph.pt,A_D,2j0t_16_graph.pt,D:V69T,-0.075735135
2j1k_1_wt_graph.pt,C_T,2j1k_1_graph.pt,C:G10D,0.183751903
2j1k_2_wt_graph.pt,C_T,2j1k_2_graph.pt,C:R24A,0.764846139
2nu0_1_wt_graph.pt,E_I,2nu0_1_graph.pt,I:W13L,-1.865207995
2nu1_1_wt_graph.pt,E_I,2nu1_1_graph.pt,I:H13L,-1.713875675
2nu2_1_wt_graph.pt,E_I,2nu2_1_graph.pt,I:R13L,-3.366955333
2nu4_1_wt_graph.pt,E_I,2nu4_1_graph.pt,I:K13L,-3.182076024
2o3b_1_wt_graph.pt,A_B,2o3b_1_graph.pt,B:D75E,5.437874845
2o3b_2_wt_graph.pt,A_B,2o3b_2_graph.pt,B:D75N,5.903258024
2o3b_3_wt_graph.pt,A_B,2o3b_3_graph.pt,B:E24A,5.474915155
2o3b_4_wt_graph.pt,A_B,2o3b_4_graph.pt,B:E24D,0.599324967
2o3b_5_wt_graph.pt,A_B,2o3b_5_graph.pt,B:E24Q,5.398363408
2o3b_6_wt_graph.pt,A_B,2o3b_6_graph.pt,B:Q74A,3.232964499
2o3b_7_wt_graph.pt,A_B,2o3b_7_graph.pt,B:W76A,4.073703739
2oob_1_wt_graph.pt,A_B,2oob_1_graph.pt,A:G13S,0.235363947
2pcb_1_wt_graph.pt,A_B,2pcb_1_graph.pt,A:A193F,0.73367727
2pcb_2_wt_graph.pt,A_B,2pcb_2_graph.pt,A:D34N,0.821312844
2pcb_3_wt_graph.pt,A_B,2pcb_3_graph.pt,A:E290N,0.871008596
2pcb_4_wt_graph.pt,A_B,2pcb_4_graph.pt,A:E32Q,0.60575308
2pcb_5_wt_graph.pt,A_B,2pcb_5_graph.pt,A:E35Q,0.676007267
2pcc_1_wt_graph.pt,A_B,2pcc_1_graph.pt,B:A86G,1.901855082
2pcc_2_wt_graph.pt,A_B,2pcc_2_graph.pt,A:D34A,-0.897047979
2pcc_3_wt_graph.pt,A_B,2pcc_3_graph.pt,A:E290A,6.202554775
2pcc_4_wt_graph.pt,A_B,2pcc_4_graph.pt,B:K77A,0.303669111
2pcc_5_wt_graph.pt,A_B,2pcc_5_graph.pt,B:K92A,0.901870945
2pcc_6_wt_graph.pt,A_B,2pcc_6_graph.pt,A:V197A,2.10268171
2sgp_1_wt_graph.pt,E_I,2sgp_1_graph.pt,I:P13L,-8.445844918
2sgq_1_wt_graph.pt,E_I,2sgq_1_graph.pt,I:Q13L,-2.603540979
2sic_1_wt_graph.pt,E_I,2sic_1_graph.pt,I:M67A,0.217859275
2sic_2_wt_graph.pt,E_I,2sic_2_graph.pt,I:M67D,0.751532051
2sic_3_wt_graph.pt,E_I,2sic_3_graph.pt,I:M67E,0.796098316
2sic_4_wt_graph.pt,E_I,2sic_4_graph.pt,I:M67G,0.145223287
2sic_5_wt_graph.pt,E_I,2sic_5_graph.pt,I:M67H,0.217859275
2sic_6_wt_graph.pt,E_I,2sic_6_graph.pt,I:M67I,1.604389714
2sic_7_wt_graph.pt,E_I,2sic_7_graph.pt,I:M67K,0.0
2sic_8_wt_graph.pt,E_I,2sic_8_graph.pt,I:M67L,-0.240218608
2sic_9_wt_graph.pt,E_I,2sic_9_graph.pt,I:M67R,0.0
2sic_10_wt_graph.pt,E_I,2sic_10_graph.pt,I:M67V,0.713296076
2vln_1_wt_graph.pt,A_B,2vln_1_graph.pt,B:A75N,-2.335586003
2vlo_1_wt_graph.pt,A_B,2vlo_1_graph.pt,B:A95K,-1.96051476
2vlq_1_wt_graph.pt,A_B,2vlq_1_graph.pt,B:A86F,-3.880681073
2wpt_1_wt_graph.pt,A_B,2wpt_1_graph.pt,A:D30A,-0.13220184
2wpt_2_wt_graph.pt,A_B,2wpt_2_graph.pt,A:D30L,-3.403402314
2wpt_3_wt_graph.pt,A_B,2wpt_3_graph.pt,A:E27A,1.733952565
2wpt_4_wt_graph.pt,A_B,2wpt_4_graph.pt,A:E38A,4.50316974
2wpt_5_wt_graph.pt,A_B,2wpt_5_graph.pt,B:F79A,1.170180844
2wpt_6_wt_graph.pt,A_B,2wpt_6_graph.pt,B:K90A,0.497408357
2wpt_7_wt_graph.pt,A_B,2wpt_7_graph.pt,A:N31A,-0.379872772
2wpt_8_wt_graph.pt,A_B,2wpt_8_graph.pt,A:N31V,-0.897047979
2wpt_9_wt_graph.pt,A_B,2wpt_9_graph.pt,B:N65A,0.917825329
2wpt_10_wt_graph.pt,A_B,2wpt_10_graph.pt,B:N68A,1.237638707
2wpt_11_wt_graph.pt,A_B,2wpt_11_graph.pt,A:P53A,2.927685856
2wpt_12_wt_graph.pt,A_B,2wpt_12_graph.pt,B:Q85A,0.900138882
2wpt_13_wt_graph.pt,A_B,2wpt_13_graph.pt,A:R35A,-1.110931052
2wpt_14_wt_graph.pt,A_B,2wpt_14_graph.pt,A:R35T,-1.038295063
2wpt_15_wt_graph.pt,A_B,2wpt_15_graph.pt,B:R47A,1.134342697
2wpt_16_wt_graph.pt,A_B,2wpt_16_graph.pt,A:S47A,2.425702558
2wpt_17_wt_graph.pt,A_B,2wpt_17_graph.pt,B:S67A,-0.84930791
2wpt_18_wt_graph.pt,A_B,2wpt_18_graph.pt,B:S70A,-0.611642978
2wpt_19_wt_graph.pt,A_B,2wpt_19_graph.pt,B:S71A,-0.149543136
2wpt_20_wt_graph.pt,A_B,2wpt_20_graph.pt,B:S77A,-0.093609931
2wpt_21_wt_graph.pt,A_B,2wpt_21_graph.pt,B:T80A,0.526220451
2wpt_22_wt_graph.pt,A_B,2wpt_22_graph.pt,A:V34A,3.80930006
2wpt_23_wt_graph.pt,A_B,2wpt_23_graph.pt,B:V91A,0.119301909
3bk3_1_wt_graph.pt,A_C,3bk3_1_graph.pt,C:A37R,1.382728166
3bk3_2_wt_graph.pt,A_C,3bk3_2_graph.pt,C:I19A,0.486391557
3bk3_3_wt_graph.pt,A_C,3bk3_3_graph.pt,C:I19R,0.42397051
3bk3_4_wt_graph.pt,A_C,3bk3_4_graph.pt,C:I22A,1.307704401
3bk3_5_wt_graph.pt,A_C,3bk3_5_graph.pt,C:I22R,2.121564921
3bk3_6_wt_graph.pt,A_C,3bk3_6_graph.pt,C:I28A,1.261515931
3bk3_7_wt_graph.pt,A_C,3bk3_7_graph.pt,C:I28R,1.175502561
3bk3_8_wt_graph.pt,A_C,3bk3_8_graph.pt,C:I3A,1.038654016
3bk3_9_wt_graph.pt,A_C,3bk3_9_graph.pt,C:I3R,0.65087503
3bk3_10_wt_graph.pt,A_C,3bk3_10_graph.pt,C:L2A,0.0
3bk3_11_wt_graph.pt,A_C,3bk3_11_graph.pt,C:L2R,0.026335535
3bk3_12_wt_graph.pt,A_C,3bk3_12_graph.pt,C:T4P,0.486391557
3bk3_13_wt_graph.pt,A_C,3bk3_13_graph.pt,C:T6P,1.743019667
3bp8_1_wt_graph.pt,A_C,3bp8_1_graph.pt,C:A51F,0.615494251
3bp8_2_wt_graph.pt,A_C,3bp8_2_graph.pt,A:F115A,0.708987316
3btd_1_wt_graph.pt,E_I,3btd_1_graph.pt,I:D13K,-11.50271777
3bte_1_wt_graph.pt,E_I,3bte_1_graph.pt,I:E13K,-9.424007251
3btf_1_wt_graph.pt,E_I,3btf_1_graph.pt,I:F13K,-7.027210522
3btg_1_wt_graph.pt,E_I,3btg_1_graph.pt,I:G13K,-12.35222629
3bth_1_wt_graph.pt,E_I,3bth_1_graph.pt,I:H13K,-8.781781309
3btm_1_wt_graph.pt,E_I,3btm_1_graph.pt,I:M13K,-7.692373484
3btq_1_wt_graph.pt,E_I,3btq_1_graph.pt,I:Q13K,-9.370644021
3btt_1_wt_graph.pt,E_I,3btt_1_graph.pt,I:T13K,-10.5974838
3btw_1_wt_graph.pt,E_I,3btw_1_graph.pt,I:W13K,-8.664118898
3d5r_1_wt_graph.pt,A_C,3d5r_1_graph.pt,C:A38N,-1.569529543
3d5s_1_wt_graph.pt,A_C,3d5s_1_graph.pt,C:A31R,-2.246740107
3sgb_1_wt_graph.pt,E_I,3sgb_1_graph.pt,I:A9C,0.041536552
3sgb_2_wt_graph.pt,E_I,3sgb_2_graph.pt,I:A9D,0.476378045
3sgb_3_wt_graph.pt,E_I,3sgb_3_graph.pt,I:A9E,0.671474704
3sgb_4_wt_graph.pt,E_I,3sgb_4_graph.pt,I:A9F,-1.180639897
3sgb_5_wt_graph.pt,E_I,3sgb_5_graph.pt,I:A9G,2.486466395
3sgb_6_wt_graph.pt,E_I,3sgb_6_graph.pt,I:A9H,-0.453188595
3sgb_7_wt_graph.pt,E_I,3sgb_7_graph.pt,I:A9I,-0.453188595
3sgb_8_wt_graph.pt,E_I,3sgb_8_graph.pt,I:A9K,2.491424181
3sgb_9_wt_graph.pt,E_I,3sgb_9_graph.pt,I:A9L,0.168780605
3sgb_10_wt_graph.pt,E_I,3sgb_10_graph.pt,I:A9M,0.088958013
3sgb_11_wt_graph.pt,E_I,3sgb_11_graph.pt,I:A9N,-0.08912445
3sgb_12_wt_graph.pt,E_I,3sgb_12_graph.pt,I:A9P,0.552705336
3sgb_13_wt_graph.pt,E_I,3sgb_13_graph.pt,I:A9Q,0.430189575
3sgb_14_wt_graph.pt,E_I,3sgb_14_graph.pt,I:A9R,2.03564581
3sgb_15_wt_graph.pt,E_I,3sgb_15_graph.pt,I:A9S,0.910982511
3sgb_16_wt_graph.pt,E_I,3sgb_16_graph.pt,I:A9T,0.331072468
3sgb_17_wt_graph.pt,E_I,3sgb_17_graph.pt,I:A9V,-0.784734079
3sgb_18_wt_graph.pt,E_I,3sgb_18_graph.pt,I:A9W,-1.553667676
3sgb_19_wt_graph.pt,E_I,3sgb_19_graph.pt,I:A9Y,-1.647277607
3sgb_20_wt_graph.pt,E_I,3sgb_20_graph.pt,I:E13A,1.019236307
3sgb_21_wt_graph.pt,E_I,3sgb_21_graph.pt,I:E13C,1.174674536
3sgb_22_wt_graph.pt,E_I,3sgb_22_graph.pt,I:E13D,0.552705336
3sgb_23_wt_graph.pt,E_I,3sgb_23_graph.pt,I:E13F,1.943608133
3sgb_24_wt_graph.pt,E_I,3sgb_24_graph.pt,I:E13G,2.104952831
3sgb_25_wt_graph.pt,E_I,3sgb_25_graph.pt,I:E13H,0.526073797
3sgb_26_wt_graph.pt,E_I,3sgb_26_graph.pt,I:E13I,-0.623389381
3sgb_27_wt_graph.pt,E_I,3sgb_27_graph.pt,I:E13K,0.168780605
3sgb_28_wt_graph.pt,E_I,3sgb_28_graph.pt,I:E13L,0.779313851
3sgb_29_wt_graph.pt,E_I,3sgb_29_graph.pt,I:E13M,-0.18949657
3sgb_30_wt_graph.pt,E_I,3sgb_30_graph.pt,I:E13N,1.102038547
3sgb_31_wt_graph.pt,E_I,3sgb_31_graph.pt,I:E13P,2.275153617
3sgb_32_wt_graph.pt,E_I,3sgb_32_graph.pt,I:E13Q,0.183531209
3sgb_33_wt_graph.pt,E_I,3sgb_33_graph.pt,I:E13R,1.275046656
3sgb_34_wt_graph.pt,E_I,3sgb_34_graph.pt,I:E13S,1.943608133
3sgb_35_wt_graph.pt,E_I,3sgb_35_graph.pt,I:E13T,2.143484958
3sgb_36_wt_graph.pt,E_I,3sgb_36_graph.pt,I:E13V,0.127549921
3sgb_37_wt_graph.pt,E_I,3sgb_37_graph.pt,I:E13W,1.547702315
3sgb_38_wt_graph.pt,E_I,3sgb_38_graph.pt,I:E13Y,0.779313851
3sgb_39_wt_graph.pt,E_I,3sgb_39_graph.pt,I:G26A,1.222796709
3sgb_40_wt_graph.pt,E_I,3sgb_40_graph.pt,I:G26C,2.611656887
3sgb_41_wt_graph.pt,E_I,3sgb_41_graph.pt,I:G26D,1.624989388
3sgb_42_wt_graph.pt,E_I,3sgb_42_graph.pt,I:G26E,1.972750991
3sgb_43_wt_graph.pt,E_I,3sgb_43_graph.pt,I:G26F,3.022313309
3sgb_44_wt_graph.pt,E_I,3sgb_44_graph.pt,I:G26H,2.738189286
3sgb_45_wt_graph.pt,E_I,3sgb_45_graph.pt,I:G26I,4.092513318
3sgb_46_wt_graph.pt,E_I,3sgb_46_graph.pt,I:G26K,2.52501345
3sgb_47_wt_graph.pt,E_I,3sgb_47_graph.pt,I:G26L,2.658147551
3sgb_48_wt_graph.pt,E_I,3sgb_48_graph.pt,I:G26M,2.805795941
3sgb_49_wt_graph.pt,E_I,3sgb_49_graph.pt,I:G26N,2.275153617
3sgb_50_wt_graph.pt,E_I,3sgb_50_graph.pt,I:G26P,1.096864261
3sgb_51_wt_graph.pt,E_I,3sgb_51_graph.pt,I:G26Q,2.956298911
3sgb_52_wt_graph.pt,E_I,3sgb_52_graph.pt,I:G26R,3.507656064
3sgb_53_wt_graph.pt,E_I,3sgb_53_graph.pt,I:G26S,1.60769029
3sgb_54_wt_graph.pt,E_I,3sgb_54_graph.pt,I:G26T,3.040177536
3sgb_55_wt_graph.pt,E_I,3sgb_55_graph.pt,I:G26V,2.728342212
3sgb_56_wt_graph.pt,E_I,3sgb_56_graph.pt,I:G26W,3.912061992
3sgb_57_wt_graph.pt,E_I,3sgb_57_graph.pt,I:G26Y,3.096110741
3sgb_58_wt_graph.pt,E_I,3sgb_58_graph.pt,I:K7A,-2.572140678
3sgb_59_wt_graph.pt,E_I,3sgb_59_graph.pt,I:K7C,-0.584857255
3sgb_60_wt_graph.pt,E_I,3sgb_60_graph.pt,I:K7D,-0.623389381
3sgb_61_wt_graph.pt,E_I,3sgb_61_graph.pt,I:K7E,0.032206406
3sgb_62_wt_graph.pt,E_I,3sgb_62_graph.pt,I:K7F,-0.725557985
3sgb_63_wt_graph.pt,E_I,3sgb_63_graph.pt,I:K7G,-0.725557985
3sgb_64_wt_graph.pt,E_I,3sgb_64_graph.pt,I:K7H,-0.401460752
3sgb_65_wt_graph.pt,E_I,3sgb_65_graph.pt,I:K7I,-1.344637953
3sgb_66_wt_graph.pt,E_I,3sgb_66_graph.pt,I:K7L,-1.817359701
3sgb_67_wt_graph.pt,E_I,3sgb_67_graph.pt,I:K7M,-1.166247643
3sgb_68_wt_graph.pt,E_I,3sgb_68_graph.pt,I:K7N,-0.659543587
3sgb_69_wt_graph.pt,E_I,3sgb_69_graph.pt,I:K7P,0.0
3sgb_70_wt_graph.pt,E_I,3sgb_70_graph.pt,I:K7Q,-0.623389381
3sgb_71_wt_graph.pt,E_I,3sgb_71_graph.pt,I:K7R,-0.692696402
3sgb_72_wt_graph.pt,E_I,3sgb_72_graph.pt,I:K7S,-2.587596824
3sgb_73_wt_graph.pt,E_I,3sgb_73_graph.pt,I:K7T,-1.949028361
3sgb_74_wt_graph.pt,E_I,3sgb_74_graph.pt,I:K7V,-0.955171893
3sgb_75_wt_graph.pt,E_I,3sgb_75_graph.pt,I:K7W,-0.013389315
3sgb_76_wt_graph.pt,E_I,3sgb_76_graph.pt,I:K7Y,-0.584857255
3sgb_77_wt_graph.pt,E_I,3sgb_77_graph.pt,I:L12A,2.989160494
3sgb_78_wt_graph.pt,E_I,3sgb_78_graph.pt,I:L12C,-0.013389315
3sgb_79_wt_graph.pt,E_I,3sgb_79_graph.pt,I:L12D,5.66865879
3sgb_80_wt_graph.pt,E_I,3sgb_80_graph.pt,I:L12E,5.982758221
3sgb_81_wt_graph.pt,E_I,3sgb_81_graph.pt,I:L12F,1.37401818
3sgb_82_wt_graph.pt,E_I,3sgb_82_graph.pt,I:L12G,5.003495829
3sgb_83_wt_graph.pt,E_I,3sgb_83_graph.pt,I:L12H,1.713875675
3sgb_84_wt_graph.pt,E_I,3sgb_84_graph.pt,I:L12I,4.481255789
3sgb_85_wt_graph.pt,E_I,3sgb_85_graph.pt,I:L12K,3.182076024
3sgb_86_wt_graph.pt,E_I,3sgb_86_graph.pt,I:L12M,0.430189575
3sgb_87_wt_graph.pt,E_I,3sgb_87_graph.pt,I:L12N,3.399816916
3sgb_88_wt_graph.pt,E_I,3sgb_88_graph.pt,I:L12P,8.445844918
3sgb_89_wt_graph.pt,E_I,3sgb_89_graph.pt,I:L12Q,2.603540979
3sgb_90_wt_graph.pt,E_I,3sgb_90_graph.pt,I:L12R,3.366955333
3sgb_91_wt_graph.pt,E_I,3sgb_91_graph.pt,I:L12S,4.158234941
3sgb_92_wt_graph.pt,E_I,3sgb_92_graph.pt,I:L12T,3.204720258
3sgb_93_wt_graph.pt,E_I,3sgb_93_graph.pt,I:L12V,3.040177536
3sgb_94_wt_graph.pt,E_I,3sgb_94_graph.pt,I:L12W,1.865207995
3sgb_95_wt_graph.pt,E_I,3sgb_95_graph.pt,I:L12Y,1.67600643
3sgb_96_wt_graph.pt,E_I,3sgb_96_graph.pt,I:N30A,0.331072468
3sgb_97_wt_graph.pt,E_I,3sgb_97_graph.pt,I:N30C,0.349704569
3sgb_98_wt_graph.pt,E_I,3sgb_98_graph.pt,I:N30D,0.910982511
3sgb_99_wt_graph.pt,E_I,3sgb_99_graph.pt,I:N30E,0.962710354
3sgb_100_wt_graph.pt,E_I,3sgb_100_graph.pt,I:N30F,-0.141374397
3sgb_101_wt_graph.pt,E_I,3sgb_101_graph.pt,I:N30G,0.311835324
3sgb_102_wt_graph.pt,E_I,3sgb_102_graph.pt,I:N30H,-0.124801233
3sgb_103_wt_graph.pt,E_I,3sgb_103_graph.pt,I:N30I,0.197923463
3sgb_104_wt_graph.pt,E_I,3sgb_104_graph.pt,I:N30K,0.579437027
3sgb_105_wt_graph.pt,E_I,3sgb_105_graph.pt,I:N30L,0.740781725
3sgb_106_wt_graph.pt,E_I,3sgb_106_graph.pt,I:N30M,0.140745388
3sgb_107_wt_graph.pt,E_I,3sgb_107_graph.pt,I:N30P,0.579437027
3sgb_108_wt_graph.pt,E_I,3sgb_108_graph.pt,I:N30Q,0.243519184
3sgb_109_wt_graph.pt,E_I,3sgb_109_graph.pt,I:N30R,0.579437027
3sgb_110_wt_graph.pt,E_I,3sgb_110_graph.pt,I:N30S,0.408999213
3sgb_111_wt_graph.pt,E_I,3sgb_111_graph.pt,I:N30T,0.009847074
3sgb_112_wt_graph.pt,E_I,3sgb_112_graph.pt,I:N30V,-0.241875817
3sgb_113_wt_graph.pt,E_I,3sgb_113_graph.pt,I:N30W,0.526073797
3sgb_114_wt_graph.pt,E_I,3sgb_114_graph.pt,I:N30Y,-0.108679096
3sgb_115_wt_graph.pt,E_I,3sgb_115_graph.pt,I:P8A,-0.18949657
3sgb_116_wt_graph.pt,E_I,3sgb_116_graph.pt,I:P8C,-0.327422628
3sgb_117_wt_graph.pt,E_I,3sgb_117_graph.pt,I:P8D,-1.033098638
3sgb_118_wt_graph.pt,E_I,3sgb_118_graph.pt,I:P8E,-0.623389381
3sgb_119_wt_graph.pt,E_I,3sgb_119_graph.pt,I:P8F,-0.344934799
3sgb_120_wt_graph.pt,E_I,3sgb_120_graph.pt,I:P8G,0.053752489
3sgb_121_wt_graph.pt,E_I,3sgb_121_graph.pt,I:P8H,0.277626557
3sgb_122_wt_graph.pt,E_I,3sgb_122_graph.pt,I:P8I,-0.023633697
3sgb_123_wt_graph.pt,E_I,3sgb_123_graph.pt,I:P8K,0.114053848
3sgb_124_wt_graph.pt,E_I,3sgb_124_graph.pt,I:P8L,-0.141374397
3sgb_125_wt_graph.pt,E_I,3sgb_125_graph.pt,I:P8M,-0.50055079
3sgb_126_wt_graph.pt,E_I,3sgb_126_graph.pt,I:P8N,-0.124801233
3sgb_127_wt_graph.pt,E_I,3sgb_127_graph.pt,I:P8Q,-0.316028969
3sgb_128_wt_graph.pt,E_I,3sgb_128_graph.pt,I:P8R,0.311835324
3sgb_129_wt_graph.pt,E_I,3sgb_129_graph.pt,I:P8S,0.065721623
3sgb_130_wt_graph.pt,E_I,3sgb_130_graph.pt,I:P8T,-0.108679096
3sgb_131_wt_graph.pt,E_I,3sgb_131_graph.pt,I:P8V,-0.310413269
3sgb_132_wt_graph.pt,E_I,3sgb_132_graph.pt,I:P8W,-0.50055079
3sgb_133_wt_graph.pt,E_I,3sgb_133_graph.pt,I:P8Y,-0.401460752
3sgb_134_wt_graph.pt,E_I,3sgb_134_graph.pt,I:R15A,0.053752489
3sgb_135_wt_graph.pt,E_I,3sgb_135_graph.pt,I:R15C,0.552705336
3sgb_136_wt_graph.pt,E_I,3sgb_136_graph.pt,I:R15D,0.638613121
3sgb_137_wt_graph.pt,E_I,3sgb_137_graph.pt,I:R15E,0.671474704
3sgb_138_wt_graph.pt,E_I,3sgb_138_graph.pt,I:R15F,0.227956699
3sgb_139_wt_graph.pt,E_I,3sgb_139_graph.pt,I:R15G,1.107168034
3sgb_140_wt_graph.pt,E_I,3sgb_140_graph.pt,I:R15H,0.453733812
3sgb_141_wt_graph.pt,E_I,3sgb_141_graph.pt,I:R15I,0.243519184
3sgb_142_wt_graph.pt,E_I,3sgb_142_graph.pt,I:R15K,-0.277792995
3sgb_143_wt_graph.pt,E_I,3sgb_143_graph.pt,I:R15L,0.227956699
3sgb_144_wt_graph.pt,E_I,3sgb_144_graph.pt,I:R15M,0.127549921
3sgb_145_wt_graph.pt,E_I,3sgb_145_graph.pt,I:R15N,0.331072468
3sgb_146_wt_graph.pt,E_I,3sgb_146_graph.pt,I:R15P,7.684475846
3sgb_147_wt_graph.pt,E_I,3sgb_147_graph.pt,I:R15Q,0.041536552
3sgb_148_wt_graph.pt,E_I,3sgb_148_graph.pt,I:R15S,0.277626557
3sgb_149_wt_graph.pt,E_I,3sgb_149_graph.pt,I:R15T,0.453733812
3sgb_150_wt_graph.pt,E_I,3sgb_150_graph.pt,I:R15V,-0.023633697
3sgb_151_wt_graph.pt,E_I,3sgb_151_graph.pt,I:R15W,0.311835324
3sgb_152_wt_graph.pt,E_I,3sgb_152_graph.pt,I:R15Y,0.293971097
3sgb_153_wt_graph.pt,E_I,3sgb_153_graph.pt,I:T11A,3.591962528
3sgb_154_wt_graph.pt,E_I,3sgb_154_graph.pt,I:T11C,2.926265675
3sgb_155_wt_graph.pt,E_I,3sgb_155_graph.pt,I:T11D,4.956133634
3sgb_156_wt_graph.pt,E_I,3sgb_156_graph.pt,I:T11E,4.797140837
3sgb_157_wt_graph.pt,E_I,3sgb_157_graph.pt,I:T11F,3.639324723
3sgb_158_wt_graph.pt,E_I,3sgb_158_graph.pt,I:T11G,5.584234346
3sgb_159_wt_graph.pt,E_I,3sgb_159_graph.pt,I:T11H,3.507656064
3sgb_160_wt_graph.pt,E_I,3sgb_160_graph.pt,I:T11I,1.752913577
3sgb_161_wt_graph.pt,E_I,3sgb_161_graph.pt,I:T11K,2.03564581
3sgb_162_wt_graph.pt,E_I,3sgb_162_graph.pt,I:T11L,2.47133914
3sgb_163_wt_graph.pt,E_I,3sgb_163_graph.pt,I:T11M,2.03564581
3sgb_164_wt_graph.pt,E_I,3sgb_164_graph.pt,I:T11N,3.254416009
3sgb_165_wt_graph.pt,E_I,3sgb_165_graph.pt,I:T11P,3.182076024
3sgb_166_wt_graph.pt,E_I,3sgb_166_graph.pt,I:T11Q,2.940316578
3sgb_167_wt_graph.pt,E_I,3sgb_167_graph.pt,I:T11R,1.972750991
3sgb_168_wt_graph.pt,E_I,3sgb_168_graph.pt,I:T11S,2.466209653
3sgb_169_wt_graph.pt,E_I,3sgb_169_graph.pt,I:T11V,2.547890886
3sgb_170_wt_graph.pt,E_I,3sgb_170_graph.pt,I:T11W,3.040177536
3sgb_171_wt_graph.pt,E_I,3sgb_171_graph.pt,I:T11Y,3.366955333
3sgb_172_wt_graph.pt,E_I,3sgb_172_graph.pt,I:Y14A,1.943608133
3sgb_173_wt_graph.pt,E_I,3sgb_173_graph.pt,I:Y14C,1.695243574
3sgb_174_wt_graph.pt,E_I,3sgb_174_graph.pt,I:Y14D,2.911873421
3sgb_175_wt_graph.pt,E_I,3sgb_175_graph.pt,I:Y14E,2.03564581
3sgb_176_wt_graph.pt,E_I,3sgb_176_graph.pt,I:Y14F,0.168780605
3sgb_177_wt_graph.pt,E_I,3sgb_177_graph.pt,I:Y14G,2.842396061
3sgb_178_wt_graph.pt,E_I,3sgb_178_graph.pt,I:Y14H,1.713875675
3sgb_179_wt_graph.pt,E_I,3sgb_179_graph.pt,I:Y14I,3.591962528
3sgb_180_wt_graph.pt,E_I,3sgb_180_graph.pt,I:Y14K,3.432969731
3sgb_181_wt_graph.pt,E_I,3sgb_181_graph.pt,I:Y14L,1.576145472
3sgb_182_wt_graph.pt,E_I,3sgb_182_graph.pt,I:Y14M,2.002784227
3sgb_183_wt_graph.pt,E_I,3sgb_183_graph.pt,I:Y14N,3.158531788
3sgb_184_wt_graph.pt,E_I,3sgb_184_graph.pt,I:Y14P,6.276340059
3sgb_185_wt_graph.pt,E_I,3sgb_185_graph.pt,I:Y14Q,3.281047548
3sgb_186_wt_graph.pt,E_I,3sgb_186_graph.pt,I:Y14R,2.760548618
3sgb_187_wt_graph.pt,E_I,3sgb_187_graph.pt,I:Y14S,2.03564581
3sgb_188_wt_graph.pt,E_I,3sgb_188_graph.pt,I:Y14T,4.87182717
3sgb_189_wt_graph.pt,E_I,3sgb_189_graph.pt,I:Y14V,4.421689938
3sgb_190_wt_graph.pt,E_I,3sgb_190_graph.pt,I:Y14W,0.388742471
4cpa_1_wt_graph.pt,A_I,4cpa_1_graph.pt,I:P35G,2.596140373
4cpa_2_wt_graph.pt,A_I,4cpa_2_graph.pt,I:V37A,2.325532951
4cpa_3_wt_graph.pt,A_I,4cpa_3_graph.pt,I:V37F,0.0
4cpa_4_wt_graph.pt,A_I,4cpa_4_graph.pt,I:V37G,3.734722058
4cpa_5_wt_graph.pt,A_I,4cpa_5_graph.pt,I:V37I,0.199343644
4cpa_6_wt_graph.pt,A_I,4cpa_6_graph.pt,I:V37L,1.279390727
4cpa_7_wt_graph.pt,A_I,4cpa_7_graph.pt,I:Y36F,0.0
4cpa_8_wt_graph.pt,A_I,4cpa_8_graph.pt,I:Y36G,0.501983298
